pos,generation,rank,score,id
"[(444.0, 428.0), (371.0, 429.0), (278.0, 434.0), (328.0, 489.0), (3.0, 517.0), (45.0, 549.0), (101.0, 482.0), (2.0, 897.0), (98.0, 711.0), (213.0, 639.0), (189.0, 739.0), (436.0, 619.0), (345.0, 560.0), (276.0, 666.0), (528.0, 794.0), (494.0, 898.0), (493.0, 970.0), (573.0, 903.0), (730.0, 742.0), (761.0, 772.0), (837.0, 787.0), (704.0, 995.0), (921.0, 964.0), (898.0, 898.0), (964.0, 726.0), (938.0, 646.0), (901.0, 639.0), (908.0, 534.0), (929.0, 389.0), (951.0, 209.0), (774.0, 130.0), (708.0, 99.0), (602.0, 68.0), (508.0, 31.0), (273.0, 105.0), (116.0, 69.0), (220.0, 307.0), (330.0, 410.0), (643.0, 404.0), (501.0, 287.0), (549.0, 329.0), (875.0, 407.0), (897.0, 324.0), (862.0, 361.0), (758.0, 405.0), (796.0, 310.0), (628.0, 311.0), (684.0, 273.0), (724.0, 631.0), (437.0, 601.0)]",8590,1,7918.665171077273,687182
"[(897.0, 324.0), (929.0, 389.0), (951.0, 209.0), (774.0, 130.0), (708.0, 99.0), (602.0, 68.0), (508.0, 31.0), (273.0, 105.0), (116.0, 69.0), (220.0, 307.0), (330.0, 410.0), (444.0, 428.0), (371.0, 429.0), (278.0, 434.0), (328.0, 489.0), (3.0, 517.0), (45.0, 549.0), (101.0, 482.0), (2.0, 897.0), (98.0, 711.0), (213.0, 639.0), (189.0, 739.0), (276.0, 666.0), (436.0, 619.0), (345.0, 560.0), (528.0, 794.0), (494.0, 898.0), (493.0, 970.0), (573.0, 903.0), (730.0, 742.0), (761.0, 772.0), (837.0, 787.0), (704.0, 995.0), (921.0, 964.0), (898.0, 898.0), (964.0, 726.0), (938.0, 646.0), (901.0, 639.0), (796.0, 310.0), (862.0, 361.0), (875.0, 407.0), (908.0, 534.0), (758.0, 405.0), (724.0, 631.0), (437.0, 601.0), (628.0, 311.0), (549.0, 329.0), (501.0, 287.0), (684.0, 273.0), (643.0, 404.0)]",4929,2,8147.72479995238,394283
"[(951.0, 209.0), (774.0, 130.0), (708.0, 99.0), (602.0, 68.0), (508.0, 31.0), (273.0, 105.0), (116.0, 69.0), (220.0, 307.0), (330.0, 410.0), (444.0, 428.0), (371.0, 429.0), (278.0, 434.0), (328.0, 489.0), (3.0, 517.0), (45.0, 549.0), (101.0, 482.0), (2.0, 897.0), (98.0, 711.0), (213.0, 639.0), (189.0, 739.0), (436.0, 619.0), (345.0, 560.0), (276.0, 666.0), (528.0, 794.0), (437.0, 601.0), (494.0, 898.0), (493.0, 970.0), (573.0, 903.0), (730.0, 742.0), (761.0, 772.0), (837.0, 787.0), (704.0, 995.0), (921.0, 964.0), (898.0, 898.0), (964.0, 726.0), (938.0, 646.0), (901.0, 639.0), (908.0, 534.0), (875.0, 407.0), (929.0, 389.0), (897.0, 324.0), (758.0, 405.0), (796.0, 310.0), (862.0, 361.0), (724.0, 631.0), (628.0, 311.0), (684.0, 273.0), (643.0, 404.0), (549.0, 329.0), (501.0, 287.0)]",2467,3,8153.03061564492,197351
"[(444.0, 428.0), (371.0, 429.0), (278.0, 434.0), (328.0, 489.0), (3.0, 517.0), (45.0, 549.0), (101.0, 482.0), (2.0, 897.0), (98.0, 711.0), (213.0, 639.0), (189.0, 739.0), (436.0, 619.0), (345.0, 560.0), (276.0, 666.0), (528.0, 794.0), (437.0, 601.0), (494.0, 898.0), (493.0, 970.0), (573.0, 903.0), (730.0, 742.0), (761.0, 772.0), (837.0, 787.0), (704.0, 995.0), (921.0, 964.0), (898.0, 898.0), (964.0, 726.0), (938.0, 646.0), (901.0, 639.0), (908.0, 534.0), (875.0, 407.0), (643.0, 404.0), (758.0, 405.0), (796.0, 310.0), (951.0, 209.0), (897.0, 324.0), (929.0, 389.0), (724.0, 631.0), (549.0, 329.0), (501.0, 287.0), (628.0, 311.0), (862.0, 361.0), (684.0, 273.0), (774.0, 130.0), (708.0, 99.0), (602.0, 68.0), (508.0, 31.0), (273.0, 105.0), (116.0, 69.0), (220.0, 307.0), (330.0, 410.0)]",9391,4,8175.235493809247,751246
"[(708.0, 99.0), (602.0, 68.0), (508.0, 31.0), (273.0, 105.0), (116.0, 69.0), (220.0, 307.0), (330.0, 410.0), (444.0, 428.0), (371.0, 429.0), (278.0, 434.0), (328.0, 489.0), (3.0, 517.0), (45.0, 549.0), (101.0, 482.0), (2.0, 897.0), (98.0, 711.0), (213.0, 639.0), (189.0, 739.0), (276.0, 666.0), (436.0, 619.0), (345.0, 560.0), (528.0, 794.0), (437.0, 601.0), (494.0, 898.0), (493.0, 970.0), (573.0, 903.0), (730.0, 742.0), (761.0, 772.0), (837.0, 787.0), (704.0, 995.0), (921.0, 964.0), (898.0, 898.0), (964.0, 726.0), (938.0, 646.0), (901.0, 639.0), (908.0, 534.0), (929.0, 389.0), (897.0, 324.0), (875.0, 407.0), (951.0, 209.0), (774.0, 130.0), (862.0, 361.0), (796.0, 310.0), (684.0, 273.0), (643.0, 404.0), (724.0, 631.0), (758.0, 405.0), (549.0, 329.0), (628.0, 311.0), (501.0, 287.0)]",4300,5,8260.251944577614,344002
"[(371.0, 429.0), (278.0, 434.0), (328.0, 489.0), (3.0, 517.0), (45.0, 549.0), (101.0, 482.0), (2.0, 897.0), (98.0, 711.0), (213.0, 639.0), (189.0, 739.0), (436.0, 619.0), (345.0, 560.0), (276.0, 666.0), (528.0, 794.0), (437.0, 601.0), (494.0, 898.0), (493.0, 970.0), (573.0, 903.0), (730.0, 742.0), (761.0, 772.0), (837.0, 787.0), (704.0, 995.0), (921.0, 964.0), (898.0, 898.0), (964.0, 726.0), (938.0, 646.0), (901.0, 639.0), (908.0, 534.0), (929.0, 389.0), (951.0, 209.0), (774.0, 130.0), (708.0, 99.0), (602.0, 68.0), (508.0, 31.0), (273.0, 105.0), (116.0, 69.0), (220.0, 307.0), (330.0, 410.0), (549.0, 329.0), (501.0, 287.0), (724.0, 631.0), (758.0, 405.0), (897.0, 324.0), (796.0, 310.0), (628.0, 311.0), (684.0, 273.0), (862.0, 361.0), (875.0, 407.0), (643.0, 404.0), (444.0, 428.0)]",4551,6,8260.839686862222,364063
"[(444.0, 428.0), (371.0, 429.0), (278.0, 434.0), (328.0, 489.0), (3.0, 517.0), (45.0, 549.0), (101.0, 482.0), (2.0, 897.0), (98.0, 711.0), (213.0, 639.0), (189.0, 739.0), (436.0, 619.0), (345.0, 560.0), (276.0, 666.0), (528.0, 794.0), (437.0, 601.0), (494.0, 898.0), (493.0, 970.0), (573.0, 903.0), (730.0, 742.0), (761.0, 772.0), (837.0, 787.0), (704.0, 995.0), (921.0, 964.0), (898.0, 898.0), (964.0, 726.0), (938.0, 646.0), (901.0, 639.0), (908.0, 534.0), (929.0, 389.0), (796.0, 310.0), (684.0, 273.0), (862.0, 361.0), (897.0, 324.0), (951.0, 209.0), (875.0, 407.0), (724.0, 631.0), (549.0, 329.0), (501.0, 287.0), (758.0, 405.0), (628.0, 311.0), (643.0, 404.0), (774.0, 130.0), (708.0, 99.0), (602.0, 68.0), (508.0, 31.0), (273.0, 105.0), (116.0, 69.0), (220.0, 307.0), (330.0, 410.0)]",2096,7,8276.016259268554,167679
"[(774.0, 130.0), (708.0, 99.0), (602.0, 68.0), (508.0, 31.0), (273.0, 105.0), (116.0, 69.0), (220.0, 307.0), (330.0, 410.0), (444.0, 428.0), (371.0, 429.0), (278.0, 434.0), (328.0, 489.0), (3.0, 517.0), (45.0, 549.0), (101.0, 482.0), (2.0, 897.0), (98.0, 711.0), (213.0, 639.0), (189.0, 739.0), (436.0, 619.0), (345.0, 560.0), (276.0, 666.0), (528.0, 794.0), (437.0, 601.0), (494.0, 898.0), (493.0, 970.0), (573.0, 903.0), (730.0, 742.0), (761.0, 772.0), (837.0, 787.0), (704.0, 995.0), (921.0, 964.0), (898.0, 898.0), (964.0, 726.0), (938.0, 646.0), (901.0, 639.0), (908.0, 534.0), (929.0, 389.0), (875.0, 407.0), (862.0, 361.0), (897.0, 324.0), (951.0, 209.0), (758.0, 405.0), (628.0, 311.0), (796.0, 310.0), (724.0, 631.0), (643.0, 404.0), (549.0, 329.0), (684.0, 273.0), (501.0, 287.0)]",9624,8,8302.044688625992,769866
"[(3.0, 517.0), (45.0, 549.0), (101.0, 482.0), (2.0, 897.0), (98.0, 711.0), (213.0, 639.0), (189.0, 739.0), (276.0, 666.0), (436.0, 619.0), (345.0, 560.0), (528.0, 794.0), (494.0, 898.0), (493.0, 970.0), (573.0, 903.0), (730.0, 742.0), (761.0, 772.0), (837.0, 787.0), (704.0, 995.0), (921.0, 964.0), (898.0, 898.0), (964.0, 726.0), (938.0, 646.0), (901.0, 639.0), (908.0, 534.0), (929.0, 389.0), (951.0, 209.0), (774.0, 130.0), (708.0, 99.0), (602.0, 68.0), (508.0, 31.0), (273.0, 105.0), (116.0, 69.0), (220.0, 307.0), (330.0, 410.0), (444.0, 428.0), (371.0, 429.0), (278.0, 434.0), (328.0, 489.0), (437.0, 601.0), (684.0, 273.0), (628.0, 311.0), (549.0, 329.0), (796.0, 310.0), (862.0, 361.0), (875.0, 407.0), (643.0, 404.0), (724.0, 631.0), (897.0, 324.0), (758.0, 405.0), (501.0, 287.0)]",3884,9,8332.659014508155,310695
"[(444.0, 428.0), (371.0, 429.0), (278.0, 434.0), (328.0, 489.0), (3.0, 517.0), (45.0, 549.0), (101.0, 482.0), (2.0, 897.0), (98.0, 711.0), (213.0, 639.0), (189.0, 739.0), (436.0, 619.0), (345.0, 560.0), (276.0, 666.0), (528.0, 794.0), (437.0, 601.0), (494.0, 898.0), (493.0, 970.0), (573.0, 903.0), (730.0, 742.0), (761.0, 772.0), (837.0, 787.0), (704.0, 995.0), (921.0, 964.0), (898.0, 898.0), (964.0, 726.0), (938.0, 646.0), (901.0, 639.0), (908.0, 534.0), (929.0, 389.0), (875.0, 407.0), (684.0, 273.0), (628.0, 311.0), (862.0, 361.0), (549.0, 329.0), (501.0, 287.0), (758.0, 405.0), (796.0, 310.0), (643.0, 404.0), (724.0, 631.0), (897.0, 324.0), (951.0, 209.0), (774.0, 130.0), (708.0, 99.0), (602.0, 68.0), (508.0, 31.0), (273.0, 105.0), (116.0, 69.0), (220.0, 307.0), (330.0, 410.0)]",6538,10,8345.22651257451,523052
"[(437.0, 601.0), (494.0, 898.0), (493.0, 970.0), (573.0, 903.0), (730.0, 742.0), (761.0, 772.0), (837.0, 787.0), (704.0, 995.0), (921.0, 964.0), (898.0, 898.0), (964.0, 726.0), (938.0, 646.0), (901.0, 639.0), (908.0, 534.0), (758.0, 405.0), (862.0, 361.0), (897.0, 324.0), (929.0, 389.0), (951.0, 209.0), (774.0, 130.0), (708.0, 99.0), (602.0, 68.0), (508.0, 31.0), (273.0, 105.0), (116.0, 69.0), (220.0, 307.0), (330.0, 410.0), (444.0, 428.0), (371.0, 429.0), (278.0, 434.0), (328.0, 489.0), (3.0, 517.0), (45.0, 549.0), (101.0, 482.0), (2.0, 897.0), (98.0, 711.0), (213.0, 639.0), (189.0, 739.0), (345.0, 560.0), (276.0, 666.0), (436.0, 619.0), (724.0, 631.0), (528.0, 794.0), (643.0, 404.0), (628.0, 311.0), (684.0, 273.0), (796.0, 310.0), (549.0, 329.0), (501.0, 287.0), (875.0, 407.0)]",4219,11,8349.707913093629,337488
"[(436.0, 619.0), (345.0, 560.0), (528.0, 794.0), (494.0, 898.0), (493.0, 970.0), (573.0, 903.0), (730.0, 742.0), (761.0, 772.0), (837.0, 787.0), (704.0, 995.0), (921.0, 964.0), (898.0, 898.0), (964.0, 726.0), (938.0, 646.0), (901.0, 639.0), (908.0, 534.0), (758.0, 405.0), (862.0, 361.0), (897.0, 324.0), (929.0, 389.0), (951.0, 209.0), (774.0, 130.0), (708.0, 99.0), (602.0, 68.0), (508.0, 31.0), (273.0, 105.0), (116.0, 69.0), (437.0, 601.0), (444.0, 428.0), (501.0, 287.0), (549.0, 329.0), (684.0, 273.0), (875.0, 407.0), (796.0, 310.0), (724.0, 631.0), (643.0, 404.0), (628.0, 311.0), (330.0, 410.0), (220.0, 307.0), (371.0, 429.0), (278.0, 434.0), (328.0, 489.0), (3.0, 517.0), (45.0, 549.0), (101.0, 482.0), (2.0, 897.0), (98.0, 711.0), (213.0, 639.0), (189.0, 739.0), (276.0, 666.0)]",4888,12,8358.847420337303,391013
"[(444.0, 428.0), (371.0, 429.0), (278.0, 434.0), (328.0, 489.0), (3.0, 517.0), (45.0, 549.0), (101.0, 482.0), (2.0, 897.0), (98.0, 711.0), (213.0, 639.0), (189.0, 739.0), (436.0, 619.0), (345.0, 560.0), (276.0, 666.0), (528.0, 794.0), (437.0, 601.0), (494.0, 898.0), (493.0, 970.0), (573.0, 903.0), (730.0, 742.0), (761.0, 772.0), (837.0, 787.0), (704.0, 995.0), (921.0, 964.0), (898.0, 898.0), (964.0, 726.0), (938.0, 646.0), (901.0, 639.0), (908.0, 534.0), (929.0, 389.0), (875.0, 407.0), (862.0, 361.0), (897.0, 324.0), (951.0, 209.0), (758.0, 405.0), (628.0, 311.0), (724.0, 631.0), (643.0, 404.0), (684.0, 273.0), (774.0, 130.0), (501.0, 287.0), (549.0, 329.0), (796.0, 310.0), (708.0, 99.0), (602.0, 68.0), (508.0, 31.0), (116.0, 69.0), (273.0, 105.0), (220.0, 307.0), (330.0, 410.0)]",6196,13,8368.890558275145,495651
"[(328.0, 489.0), (3.0, 517.0), (45.0, 549.0), (101.0, 482.0), (2.0, 897.0), (98.0, 711.0), (213.0, 639.0), (189.0, 739.0), (276.0, 666.0), (436.0, 619.0), (345.0, 560.0), (528.0, 794.0), (494.0, 898.0), (493.0, 970.0), (573.0, 903.0), (730.0, 742.0), (761.0, 772.0), (837.0, 787.0), (704.0, 995.0), (921.0, 964.0), (898.0, 898.0), (964.0, 726.0), (938.0, 646.0), (901.0, 639.0), (908.0, 534.0), (929.0, 389.0), (951.0, 209.0), (774.0, 130.0), (708.0, 99.0), (602.0, 68.0), (508.0, 31.0), (273.0, 105.0), (116.0, 69.0), (220.0, 307.0), (330.0, 410.0), (444.0, 428.0), (371.0, 429.0), (278.0, 434.0), (501.0, 287.0), (897.0, 324.0), (875.0, 407.0), (796.0, 310.0), (724.0, 631.0), (862.0, 361.0), (758.0, 405.0), (684.0, 273.0), (628.0, 311.0), (643.0, 404.0), (437.0, 601.0), (549.0, 329.0)]",4772,14,8374.148286524232,381755
"[(444.0, 428.0), (371.0, 429.0), (278.0, 434.0), (328.0, 489.0), (3.0, 517.0), (45.0, 549.0), (101.0, 482.0), (2.0, 897.0), (98.0, 711.0), (213.0, 639.0), (189.0, 739.0), (436.0, 619.0), (345.0, 560.0), (276.0, 666.0), (528.0, 794.0), (494.0, 898.0), (493.0, 970.0), (573.0, 903.0), (730.0, 742.0), (761.0, 772.0), (837.0, 787.0), (704.0, 995.0), (921.0, 964.0), (898.0, 898.0), (964.0, 726.0), (938.0, 646.0), (901.0, 639.0), (908.0, 534.0), (929.0, 389.0), (875.0, 407.0), (796.0, 310.0), (437.0, 601.0), (643.0, 404.0), (501.0, 287.0), (549.0, 329.0), (758.0, 405.0), (628.0, 311.0), (684.0, 273.0), (724.0, 631.0), (897.0, 324.0), (951.0, 209.0), (862.0, 361.0), (774.0, 130.0), (708.0, 99.0), (602.0, 68.0), (508.0, 31.0), (273.0, 105.0), (116.0, 69.0), (220.0, 307.0), (330.0, 410.0)]",6081,15,8374.713034856886,486466
"[(774.0, 130.0), (708.0, 99.0), (602.0, 68.0), (508.0, 31.0), (273.0, 105.0), (116.0, 69.0), (220.0, 307.0), (330.0, 410.0), (444.0, 428.0), (371.0, 429.0), (278.0, 434.0), (328.0, 489.0), (3.0, 517.0), (45.0, 549.0), (101.0, 482.0), (2.0, 897.0), (98.0, 711.0), (213.0, 639.0), (189.0, 739.0), (436.0, 619.0), (345.0, 560.0), (276.0, 666.0), (528.0, 794.0), (437.0, 601.0), (494.0, 898.0), (493.0, 970.0), (573.0, 903.0), (730.0, 742.0), (761.0, 772.0), (837.0, 787.0), (704.0, 995.0), (921.0, 964.0), (898.0, 898.0), (964.0, 726.0), (938.0, 646.0), (901.0, 639.0), (908.0, 534.0), (929.0, 389.0), (875.0, 407.0), (897.0, 324.0), (951.0, 209.0), (862.0, 361.0), (724.0, 631.0), (684.0, 273.0), (758.0, 405.0), (628.0, 311.0), (796.0, 310.0), (643.0, 404.0), (501.0, 287.0), (549.0, 329.0)]",2904,16,8377.306419246233,232339
"[(508.0, 31.0), (273.0, 105.0), (116.0, 69.0), (220.0, 307.0), (330.0, 410.0), (444.0, 428.0), (371.0, 429.0), (278.0, 434.0), (328.0, 489.0), (3.0, 517.0), (45.0, 549.0), (101.0, 482.0), (2.0, 897.0), (98.0, 711.0), (213.0, 639.0), (189.0, 739.0), (436.0, 619.0), (345.0, 560.0), (276.0, 666.0), (528.0, 794.0), (437.0, 601.0), (494.0, 898.0), (493.0, 970.0), (573.0, 903.0), (730.0, 742.0), (761.0, 772.0), (837.0, 787.0), (704.0, 995.0), (921.0, 964.0), (898.0, 898.0), (964.0, 726.0), (938.0, 646.0), (901.0, 639.0), (908.0, 534.0), (929.0, 389.0), (897.0, 324.0), (875.0, 407.0), (951.0, 209.0), (774.0, 130.0), (708.0, 99.0), (628.0, 311.0), (643.0, 404.0), (724.0, 631.0), (758.0, 405.0), (862.0, 361.0), (796.0, 310.0), (501.0, 287.0), (602.0, 68.0), (549.0, 329.0), (684.0, 273.0)]",9992,17,8634.66737234343,799303
"[(444.0, 428.0), (371.0, 429.0), (278.0, 434.0), (328.0, 489.0), (3.0, 517.0), (45.0, 549.0), (101.0, 482.0), (2.0, 897.0), (98.0, 711.0), (213.0, 639.0), (189.0, 739.0), (436.0, 619.0), (345.0, 560.0), (276.0, 666.0), (528.0, 794.0), (494.0, 898.0), (493.0, 970.0), (573.0, 903.0), (730.0, 742.0), (761.0, 772.0), (837.0, 787.0), (704.0, 995.0), (921.0, 964.0), (898.0, 898.0), (964.0, 726.0), (938.0, 646.0), (901.0, 639.0), (908.0, 534.0), (929.0, 389.0), (951.0, 209.0), (774.0, 130.0), (708.0, 99.0), (602.0, 68.0), (508.0, 31.0), (273.0, 105.0), (116.0, 69.0), (220.0, 307.0), (684.0, 273.0), (549.0, 329.0), (330.0, 410.0), (643.0, 404.0), (796.0, 310.0), (758.0, 405.0), (862.0, 361.0), (875.0, 407.0), (897.0, 324.0), (501.0, 287.0), (724.0, 631.0), (437.0, 601.0), (628.0, 311.0)]",10001,18,8874.583603395864,800062
"[(278.0, 434.0), (328.0, 489.0), (3.0, 517.0), (45.0, 549.0), (101.0, 482.0), (2.0, 897.0), (98.0, 711.0), (213.0, 639.0), (189.0, 739.0), (436.0, 619.0), (345.0, 560.0), (276.0, 666.0), (528.0, 794.0), (437.0, 601.0), (494.0, 898.0), (493.0, 970.0), (573.0, 903.0), (704.0, 995.0), (921.0, 964.0), (898.0, 898.0), (964.0, 726.0), (938.0, 646.0), (901.0, 639.0), (908.0, 534.0), (929.0, 389.0), (951.0, 209.0), (774.0, 130.0), (708.0, 99.0), (602.0, 68.0), (508.0, 31.0), (273.0, 105.0), (116.0, 69.0), (220.0, 307.0), (330.0, 410.0), (549.0, 329.0), (501.0, 287.0), (837.0, 787.0), (724.0, 631.0), (628.0, 311.0), (758.0, 405.0), (875.0, 407.0), (862.0, 361.0), (643.0, 404.0), (761.0, 772.0), (730.0, 742.0), (897.0, 324.0), (796.0, 310.0), (684.0, 273.0), (444.0, 428.0), (371.0, 429.0)]",9926,19,9195.848090086518,794100
"[(45.0, 549.0), (101.0, 482.0), (2.0, 897.0), (98.0, 711.0), (213.0, 639.0), (189.0, 739.0), (436.0, 619.0), (345.0, 560.0), (276.0, 666.0), (528.0, 794.0), (437.0, 601.0), (494.0, 898.0), (493.0, 970.0), (573.0, 903.0), (730.0, 742.0), (761.0, 772.0), (837.0, 787.0), (704.0, 995.0), (921.0, 964.0), (898.0, 898.0), (964.0, 726.0), (938.0, 646.0), (901.0, 639.0), (908.0, 534.0), (862.0, 361.0), (929.0, 389.0), (897.0, 324.0), (875.0, 407.0), (549.0, 329.0), (951.0, 209.0), (796.0, 310.0), (758.0, 405.0), (724.0, 631.0), (501.0, 287.0), (628.0, 311.0), (684.0, 273.0), (643.0, 404.0), (774.0, 130.0), (708.0, 99.0), (602.0, 68.0), (508.0, 31.0), (273.0, 105.0), (116.0, 69.0), (220.0, 307.0), (330.0, 410.0), (444.0, 428.0), (371.0, 429.0), (278.0, 434.0), (328.0, 489.0), (3.0, 517.0)]",9834,20,9206.491637399151,786682
"[(330.0, 410.0), (116.0, 69.0), (278.0, 434.0), (328.0, 489.0), (3.0, 517.0), (45.0, 549.0), (101.0, 482.0), (2.0, 897.0), (98.0, 711.0), (213.0, 639.0), (189.0, 739.0), (436.0, 619.0), (345.0, 560.0), (276.0, 666.0), (528.0, 794.0), (437.0, 601.0), (494.0, 898.0), (493.0, 970.0), (573.0, 903.0), (730.0, 742.0), (761.0, 772.0), (837.0, 787.0), (704.0, 995.0), (921.0, 964.0), (898.0, 898.0), (964.0, 726.0), (938.0, 646.0), (901.0, 639.0), (908.0, 534.0), (929.0, 389.0), (796.0, 310.0), (684.0, 273.0), (862.0, 361.0), (897.0, 324.0), (951.0, 209.0), (875.0, 407.0), (724.0, 631.0), (549.0, 329.0), (501.0, 287.0), (444.0, 428.0), (708.0, 99.0), (602.0, 68.0), (273.0, 105.0), (371.0, 429.0), (774.0, 130.0), (508.0, 31.0), (220.0, 307.0), (628.0, 311.0), (643.0, 404.0), (758.0, 405.0)]",10011,21,10307.817626821872,800827
"[(708.0, 99.0), (602.0, 68.0), (508.0, 31.0), (273.0, 105.0), (116.0, 69.0), (220.0, 307.0), (330.0, 410.0), (444.0, 428.0), (371.0, 429.0), (278.0, 434.0), (328.0, 489.0), (3.0, 517.0), (45.0, 549.0), (101.0, 482.0), (2.0, 897.0), (98.0, 711.0), (213.0, 639.0), (189.0, 739.0), (774.0, 130.0), (549.0, 329.0), (684.0, 273.0), (345.0, 560.0), (276.0, 666.0), (528.0, 794.0), (437.0, 601.0), (494.0, 898.0), (493.0, 970.0), (573.0, 903.0), (730.0, 742.0), (761.0, 772.0), (837.0, 787.0), (704.0, 995.0), (921.0, 964.0), (898.0, 898.0), (964.0, 726.0), (938.0, 646.0), (901.0, 639.0), (908.0, 534.0), (875.0, 407.0), (929.0, 389.0), (628.0, 311.0), (897.0, 324.0), (501.0, 287.0), (643.0, 404.0), (862.0, 361.0), (796.0, 310.0), (951.0, 209.0), (724.0, 631.0), (436.0, 619.0), (758.0, 405.0)]",10011,22,10577.594874569013,800841
"[(444.0, 428.0), (371.0, 429.0), (278.0, 434.0), (328.0, 489.0), (3.0, 517.0), (45.0, 549.0), (101.0, 482.0), (2.0, 897.0), (98.0, 711.0), (213.0, 639.0), (189.0, 739.0), (436.0, 619.0), (345.0, 560.0), (276.0, 666.0), (528.0, 794.0), (494.0, 898.0), (493.0, 970.0), (573.0, 903.0), (730.0, 742.0), (549.0, 329.0), (796.0, 310.0), (761.0, 772.0), (602.0, 68.0), (273.0, 105.0), (501.0, 287.0), (330.0, 410.0), (220.0, 307.0), (837.0, 787.0), (704.0, 995.0), (921.0, 964.0), (898.0, 898.0), (964.0, 726.0), (938.0, 646.0), (901.0, 639.0), (908.0, 534.0), (929.0, 389.0), (897.0, 324.0), (875.0, 407.0), (951.0, 209.0), (774.0, 130.0), (708.0, 99.0), (628.0, 311.0), (643.0, 404.0), (724.0, 631.0), (758.0, 405.0), (862.0, 361.0), (684.0, 273.0), (508.0, 31.0), (116.0, 69.0), (437.0, 601.0)]",10011,23,10891.072464073506,800853
"[(730.0, 742.0), (189.0, 739.0), (573.0, 903.0), (345.0, 560.0), (684.0, 273.0), (602.0, 68.0), (508.0, 31.0), (273.0, 105.0), (116.0, 69.0), (220.0, 307.0), (330.0, 410.0), (444.0, 428.0), (371.0, 429.0), (278.0, 434.0), (328.0, 489.0), (3.0, 517.0), (45.0, 549.0), (101.0, 482.0), (2.0, 897.0), (98.0, 711.0), (213.0, 639.0), (501.0, 287.0), (494.0, 898.0), (528.0, 794.0), (549.0, 329.0), (276.0, 666.0), (436.0, 619.0), (837.0, 787.0), (704.0, 995.0), (921.0, 964.0), (898.0, 898.0), (964.0, 726.0), (938.0, 646.0), (901.0, 639.0), (908.0, 534.0), (929.0, 389.0), (897.0, 324.0), (875.0, 407.0), (951.0, 209.0), (774.0, 130.0), (708.0, 99.0), (628.0, 311.0), (643.0, 404.0), (724.0, 631.0), (758.0, 405.0), (862.0, 361.0), (796.0, 310.0), (493.0, 970.0), (761.0, 772.0), (437.0, 601.0)]",10011,24,11820.371021298646,800857
"[(862.0, 361.0), (189.0, 739.0), (508.0, 31.0), (276.0, 666.0), (501.0, 287.0), (758.0, 405.0), (897.0, 324.0), (345.0, 560.0), (437.0, 601.0), (436.0, 619.0), (116.0, 69.0), (528.0, 794.0), (494.0, 898.0), (493.0, 970.0), (573.0, 903.0), (730.0, 742.0), (761.0, 772.0), (837.0, 787.0), (704.0, 995.0), (921.0, 964.0), (898.0, 898.0), (964.0, 726.0), (938.0, 646.0), (901.0, 639.0), (908.0, 534.0), (929.0, 389.0), (951.0, 209.0), (774.0, 130.0), (708.0, 99.0), (602.0, 68.0), (549.0, 329.0), (684.0, 273.0), (875.0, 407.0), (796.0, 310.0), (724.0, 631.0), (643.0, 404.0), (628.0, 311.0), (330.0, 410.0), (220.0, 307.0), (371.0, 429.0), (278.0, 434.0), (328.0, 489.0), (3.0, 517.0), (45.0, 549.0), (101.0, 482.0), (2.0, 897.0), (98.0, 711.0), (213.0, 639.0), (273.0, 105.0), (444.0, 428.0)]",10011,25,12462.90011434629,800834
"[(371.0, 429.0), (938.0, 646.0), (437.0, 601.0), (328.0, 489.0), (3.0, 517.0), (45.0, 549.0), (101.0, 482.0), (2.0, 897.0), (98.0, 711.0), (213.0, 639.0), (189.0, 739.0), (436.0, 619.0), (345.0, 560.0), (276.0, 666.0), (528.0, 794.0), (494.0, 898.0), (493.0, 970.0), (573.0, 903.0), (730.0, 742.0), (761.0, 772.0), (837.0, 787.0), (704.0, 995.0), (921.0, 964.0), (643.0, 404.0), (862.0, 361.0), (901.0, 639.0), (278.0, 434.0), (908.0, 534.0), (929.0, 389.0), (951.0, 209.0), (774.0, 130.0), (708.0, 99.0), (602.0, 68.0), (508.0, 31.0), (273.0, 105.0), (116.0, 69.0), (220.0, 307.0), (330.0, 410.0), (549.0, 329.0), (501.0, 287.0), (724.0, 631.0), (758.0, 405.0), (897.0, 324.0), (796.0, 310.0), (628.0, 311.0), (684.0, 273.0), (964.0, 726.0), (875.0, 407.0), (444.0, 428.0), (898.0, 898.0)]",10011,26,12636.655293137366,800850
"[(3.0, 517.0), (708.0, 99.0), (116.0, 69.0), (220.0, 307.0), (278.0, 434.0), (101.0, 482.0), (2.0, 897.0), (98.0, 711.0), (213.0, 639.0), (189.0, 739.0), (436.0, 619.0), (345.0, 560.0), (276.0, 666.0), (528.0, 794.0), (437.0, 601.0), (494.0, 898.0), (493.0, 970.0), (573.0, 903.0), (730.0, 742.0), (761.0, 772.0), (837.0, 787.0), (704.0, 995.0), (921.0, 964.0), (508.0, 31.0), (898.0, 898.0), (964.0, 726.0), (938.0, 646.0), (901.0, 639.0), (908.0, 534.0), (875.0, 407.0), (643.0, 404.0), (758.0, 405.0), (796.0, 310.0), (951.0, 209.0), (897.0, 324.0), (929.0, 389.0), (724.0, 631.0), (549.0, 329.0), (501.0, 287.0), (628.0, 311.0), (862.0, 361.0), (684.0, 273.0), (774.0, 130.0), (602.0, 68.0), (444.0, 428.0), (45.0, 549.0), (371.0, 429.0), (330.0, 410.0), (273.0, 105.0), (328.0, 489.0)]",10011,27,12732.164951519642,800893
"[(273.0, 105.0), (220.0, 307.0), (708.0, 99.0), (774.0, 130.0), (628.0, 311.0), (508.0, 31.0), (643.0, 404.0), (758.0, 405.0), (444.0, 428.0), (371.0, 429.0), (278.0, 434.0), (328.0, 489.0), (3.0, 517.0), (45.0, 549.0), (101.0, 482.0), (2.0, 897.0), (98.0, 711.0), (213.0, 639.0), (189.0, 739.0), (436.0, 619.0), (345.0, 560.0), (276.0, 666.0), (528.0, 794.0), (437.0, 601.0), (494.0, 898.0), (493.0, 970.0), (573.0, 903.0), (837.0, 787.0), (704.0, 995.0), (921.0, 964.0), (898.0, 898.0), (964.0, 726.0), (938.0, 646.0), (901.0, 639.0), (908.0, 534.0), (929.0, 389.0), (897.0, 324.0), (875.0, 407.0), (730.0, 742.0), (602.0, 68.0), (116.0, 69.0), (951.0, 209.0), (330.0, 410.0), (796.0, 310.0), (862.0, 361.0), (761.0, 772.0), (549.0, 329.0), (684.0, 273.0), (724.0, 631.0), (501.0, 287.0)]",10011,28,12877.695337980234,800854
"[(573.0, 903.0), (704.0, 995.0), (708.0, 99.0), (273.0, 105.0), (602.0, 68.0), (116.0, 69.0), (220.0, 307.0), (330.0, 410.0), (444.0, 428.0), (371.0, 429.0), (278.0, 434.0), (328.0, 489.0), (3.0, 517.0), (45.0, 549.0), (101.0, 482.0), (2.0, 897.0), (98.0, 711.0), (213.0, 639.0), (189.0, 739.0), (436.0, 619.0), (345.0, 560.0), (276.0, 666.0), (528.0, 794.0), (437.0, 601.0), (898.0, 898.0), (964.0, 726.0), (938.0, 646.0), (901.0, 639.0), (908.0, 534.0), (929.0, 389.0), (875.0, 407.0), (862.0, 361.0), (897.0, 324.0), (951.0, 209.0), (758.0, 405.0), (628.0, 311.0), (724.0, 631.0), (643.0, 404.0), (684.0, 273.0), (774.0, 130.0), (501.0, 287.0), (549.0, 329.0), (796.0, 310.0), (921.0, 964.0), (761.0, 772.0), (837.0, 787.0), (508.0, 31.0), (493.0, 970.0), (730.0, 742.0), (494.0, 898.0)]",10011,29,12929.197279939437,800867
"[(628.0, 311.0), (371.0, 429.0), (278.0, 434.0), (328.0, 489.0), (3.0, 517.0), (45.0, 549.0), (101.0, 482.0), (2.0, 897.0), (98.0, 711.0), (213.0, 639.0), (189.0, 739.0), (951.0, 209.0), (330.0, 410.0), (549.0, 329.0), (758.0, 405.0), (774.0, 130.0), (643.0, 404.0), (436.0, 619.0), (345.0, 560.0), (276.0, 666.0), (528.0, 794.0), (437.0, 601.0), (494.0, 898.0), (493.0, 970.0), (573.0, 903.0), (730.0, 742.0), (761.0, 772.0), (837.0, 787.0), (704.0, 995.0), (921.0, 964.0), (898.0, 898.0), (964.0, 726.0), (938.0, 646.0), (901.0, 639.0), (908.0, 534.0), (929.0, 389.0), (875.0, 407.0), (862.0, 361.0), (508.0, 31.0), (708.0, 99.0), (796.0, 310.0), (116.0, 69.0), (220.0, 307.0), (897.0, 324.0), (602.0, 68.0), (724.0, 631.0), (501.0, 287.0), (444.0, 428.0), (684.0, 273.0), (273.0, 105.0)]",10011,30,12983.621391620005,800880
"[(774.0, 130.0), (528.0, 794.0), (730.0, 742.0), (437.0, 601.0), (494.0, 898.0), (602.0, 68.0), (508.0, 31.0), (273.0, 105.0), (116.0, 69.0), (220.0, 307.0), (330.0, 410.0), (444.0, 428.0), (371.0, 429.0), (278.0, 434.0), (328.0, 489.0), (3.0, 517.0), (45.0, 549.0), (101.0, 482.0), (2.0, 897.0), (98.0, 711.0), (213.0, 639.0), (189.0, 739.0), (276.0, 666.0), (436.0, 619.0), (898.0, 898.0), (964.0, 726.0), (938.0, 646.0), (901.0, 639.0), (908.0, 534.0), (929.0, 389.0), (875.0, 407.0), (684.0, 273.0), (628.0, 311.0), (862.0, 361.0), (549.0, 329.0), (501.0, 287.0), (758.0, 405.0), (796.0, 310.0), (643.0, 404.0), (724.0, 631.0), (897.0, 324.0), (761.0, 772.0), (573.0, 903.0), (493.0, 970.0), (704.0, 995.0), (951.0, 209.0), (708.0, 99.0), (345.0, 560.0), (837.0, 787.0), (921.0, 964.0)]",10011,31,13024.588081011032,800884
"[(328.0, 489.0), (3.0, 517.0), (45.0, 549.0), (101.0, 482.0), (2.0, 897.0), (98.0, 711.0), (213.0, 639.0), (189.0, 739.0), (276.0, 666.0), (436.0, 619.0), (345.0, 560.0), (528.0, 794.0), (494.0, 898.0), (493.0, 970.0), (573.0, 903.0), (730.0, 742.0), (761.0, 772.0), (837.0, 787.0), (704.0, 995.0), (708.0, 99.0), (724.0, 631.0), (278.0, 434.0), (501.0, 287.0), (921.0, 964.0), (898.0, 898.0), (964.0, 726.0), (938.0, 646.0), (901.0, 639.0), (908.0, 534.0), (875.0, 407.0), (643.0, 404.0), (758.0, 405.0), (796.0, 310.0), (951.0, 209.0), (602.0, 68.0), (774.0, 130.0), (929.0, 389.0), (862.0, 361.0), (508.0, 31.0), (220.0, 307.0), (549.0, 329.0), (684.0, 273.0), (273.0, 105.0), (330.0, 410.0), (897.0, 324.0), (371.0, 429.0), (116.0, 69.0), (437.0, 601.0), (628.0, 311.0), (444.0, 428.0)]",10011,32,13179.05102935544,800895
"[(436.0, 619.0), (437.0, 601.0), (45.0, 549.0), (628.0, 311.0), (643.0, 404.0), (602.0, 68.0), (220.0, 307.0), (3.0, 517.0), (189.0, 739.0), (98.0, 711.0), (494.0, 898.0), (528.0, 794.0), (493.0, 970.0), (573.0, 903.0), (730.0, 742.0), (761.0, 772.0), (837.0, 787.0), (704.0, 995.0), (921.0, 964.0), (898.0, 898.0), (964.0, 726.0), (938.0, 646.0), (901.0, 639.0), (908.0, 534.0), (862.0, 361.0), (929.0, 389.0), (897.0, 324.0), (875.0, 407.0), (549.0, 329.0), (951.0, 209.0), (796.0, 310.0), (684.0, 273.0), (501.0, 287.0), (116.0, 69.0), (330.0, 410.0), (2.0, 897.0), (345.0, 560.0), (328.0, 489.0), (371.0, 429.0), (273.0, 105.0), (213.0, 639.0), (276.0, 666.0), (101.0, 482.0), (724.0, 631.0), (444.0, 428.0), (508.0, 31.0), (774.0, 130.0), (758.0, 405.0), (278.0, 434.0), (708.0, 99.0)]",10011,33,13207.125118360756,800856
"[(2.0, 897.0), (3.0, 517.0), (724.0, 631.0), (371.0, 429.0), (437.0, 601.0), (98.0, 711.0), (494.0, 898.0), (573.0, 903.0), (189.0, 739.0), (493.0, 970.0), (444.0, 428.0), (45.0, 549.0), (213.0, 639.0), (328.0, 489.0), (345.0, 560.0), (528.0, 794.0), (278.0, 434.0), (436.0, 619.0), (276.0, 666.0), (730.0, 742.0), (761.0, 772.0), (837.0, 787.0), (704.0, 995.0), (921.0, 964.0), (898.0, 898.0), (964.0, 726.0), (938.0, 646.0), (901.0, 639.0), (929.0, 389.0), (951.0, 209.0), (774.0, 130.0), (708.0, 99.0), (602.0, 68.0), (508.0, 31.0), (273.0, 105.0), (116.0, 69.0), (220.0, 307.0), (684.0, 273.0), (549.0, 329.0), (330.0, 410.0), (643.0, 404.0), (796.0, 310.0), (758.0, 405.0), (862.0, 361.0), (875.0, 407.0), (897.0, 324.0), (501.0, 287.0), (628.0, 311.0), (908.0, 534.0), (101.0, 482.0)]",10011,34,13350.425206544682,800878
"[(444.0, 428.0), (371.0, 429.0), (278.0, 434.0), (328.0, 489.0), (3.0, 517.0), (45.0, 549.0), (101.0, 482.0), (2.0, 897.0), (98.0, 711.0), (213.0, 639.0), (189.0, 739.0), (436.0, 619.0), (345.0, 560.0), (276.0, 666.0), (528.0, 794.0), (494.0, 898.0), (493.0, 970.0), (573.0, 903.0), (730.0, 742.0), (761.0, 772.0), (837.0, 787.0), (704.0, 995.0), (921.0, 964.0), (898.0, 898.0), (964.0, 726.0), (938.0, 646.0), (901.0, 639.0), (908.0, 534.0), (796.0, 310.0), (437.0, 601.0), (929.0, 389.0), (643.0, 404.0), (758.0, 405.0), (628.0, 311.0), (549.0, 329.0), (897.0, 324.0), (116.0, 69.0), (684.0, 273.0), (220.0, 307.0), (708.0, 99.0), (330.0, 410.0), (602.0, 68.0), (501.0, 287.0), (862.0, 361.0), (774.0, 130.0), (875.0, 407.0), (273.0, 105.0), (508.0, 31.0), (724.0, 631.0), (951.0, 209.0)]",10011,35,13354.818367579232,800887
"[(708.0, 99.0), (45.0, 549.0), (101.0, 482.0), (2.0, 897.0), (98.0, 711.0), (213.0, 639.0), (189.0, 739.0), (276.0, 666.0), (436.0, 619.0), (345.0, 560.0), (528.0, 794.0), (494.0, 898.0), (273.0, 105.0), (549.0, 329.0), (220.0, 307.0), (602.0, 68.0), (951.0, 209.0), (774.0, 130.0), (330.0, 410.0), (278.0, 434.0), (508.0, 31.0), (328.0, 489.0), (643.0, 404.0), (501.0, 287.0), (437.0, 601.0), (684.0, 273.0), (493.0, 970.0), (573.0, 903.0), (730.0, 742.0), (761.0, 772.0), (837.0, 787.0), (704.0, 995.0), (921.0, 964.0), (898.0, 898.0), (964.0, 726.0), (938.0, 646.0), (901.0, 639.0), (908.0, 534.0), (875.0, 407.0), (929.0, 389.0), (897.0, 324.0), (758.0, 405.0), (796.0, 310.0), (862.0, 361.0), (724.0, 631.0), (628.0, 311.0), (3.0, 517.0), (116.0, 69.0), (371.0, 429.0), (444.0, 428.0)]",10011,36,13408.704149155286,800868
"[(278.0, 434.0), (328.0, 489.0), (3.0, 517.0), (45.0, 549.0), (101.0, 482.0), (2.0, 897.0), (98.0, 711.0), (213.0, 639.0), (189.0, 739.0), (436.0, 619.0), (345.0, 560.0), (276.0, 666.0), (528.0, 794.0), (437.0, 601.0), (494.0, 898.0), (493.0, 970.0), (573.0, 903.0), (704.0, 995.0), (921.0, 964.0), (898.0, 898.0), (371.0, 429.0), (761.0, 772.0), (116.0, 69.0), (508.0, 31.0), (273.0, 105.0), (730.0, 742.0), (938.0, 646.0), (901.0, 639.0), (908.0, 534.0), (929.0, 389.0), (875.0, 407.0), (684.0, 273.0), (628.0, 311.0), (862.0, 361.0), (549.0, 329.0), (501.0, 287.0), (758.0, 405.0), (796.0, 310.0), (643.0, 404.0), (724.0, 631.0), (897.0, 324.0), (951.0, 209.0), (774.0, 130.0), (708.0, 99.0), (602.0, 68.0), (964.0, 726.0), (330.0, 410.0), (837.0, 787.0), (444.0, 428.0), (220.0, 307.0)]",10011,37,13557.915534570877,800833
"[(189.0, 739.0), (101.0, 482.0), (2.0, 897.0), (276.0, 666.0), (220.0, 307.0), (278.0, 434.0), (573.0, 903.0), (493.0, 970.0), (45.0, 549.0), (494.0, 898.0), (328.0, 489.0), (345.0, 560.0), (98.0, 711.0), (436.0, 619.0), (371.0, 429.0), (730.0, 742.0), (761.0, 772.0), (837.0, 787.0), (704.0, 995.0), (921.0, 964.0), (898.0, 898.0), (964.0, 726.0), (938.0, 646.0), (901.0, 639.0), (908.0, 534.0), (929.0, 389.0), (528.0, 794.0), (330.0, 410.0), (3.0, 517.0), (875.0, 407.0), (796.0, 310.0), (437.0, 601.0), (643.0, 404.0), (501.0, 287.0), (549.0, 329.0), (758.0, 405.0), (628.0, 311.0), (684.0, 273.0), (724.0, 631.0), (897.0, 324.0), (951.0, 209.0), (862.0, 361.0), (774.0, 130.0), (708.0, 99.0), (602.0, 68.0), (508.0, 31.0), (273.0, 105.0), (116.0, 69.0), (213.0, 639.0), (444.0, 428.0)]",10011,38,13571.941707656337,800859
"[(493.0, 970.0), (528.0, 794.0), (901.0, 639.0), (898.0, 898.0), (938.0, 646.0), (437.0, 601.0), (897.0, 324.0), (704.0, 995.0), (964.0, 726.0), (444.0, 428.0), (371.0, 429.0), (278.0, 434.0), (328.0, 489.0), (3.0, 517.0), (45.0, 549.0), (101.0, 482.0), (2.0, 897.0), (98.0, 711.0), (213.0, 639.0), (189.0, 739.0), (436.0, 619.0), (345.0, 560.0), (276.0, 666.0), (908.0, 534.0), (929.0, 389.0), (951.0, 209.0), (774.0, 130.0), (708.0, 99.0), (602.0, 68.0), (508.0, 31.0), (273.0, 105.0), (116.0, 69.0), (220.0, 307.0), (330.0, 410.0), (549.0, 329.0), (501.0, 287.0), (837.0, 787.0), (724.0, 631.0), (628.0, 311.0), (758.0, 405.0), (875.0, 407.0), (862.0, 361.0), (684.0, 273.0), (796.0, 310.0), (730.0, 742.0), (494.0, 898.0), (761.0, 772.0), (573.0, 903.0), (643.0, 404.0), (921.0, 964.0)]",10011,39,13707.69273041367,800898
"[(602.0, 68.0), (628.0, 311.0), (508.0, 31.0), (371.0, 429.0), (330.0, 410.0), (45.0, 549.0), (101.0, 482.0), (2.0, 897.0), (98.0, 711.0), (213.0, 639.0), (189.0, 739.0), (436.0, 619.0), (345.0, 560.0), (276.0, 666.0), (528.0, 794.0), (494.0, 898.0), (493.0, 970.0), (573.0, 903.0), (730.0, 742.0), (761.0, 772.0), (837.0, 787.0), (704.0, 995.0), (921.0, 964.0), (898.0, 898.0), (501.0, 287.0), (724.0, 631.0), (220.0, 307.0), (328.0, 489.0), (444.0, 428.0), (116.0, 69.0), (549.0, 329.0), (3.0, 517.0), (964.0, 726.0), (938.0, 646.0), (901.0, 639.0), (908.0, 534.0), (929.0, 389.0), (897.0, 324.0), (875.0, 407.0), (951.0, 209.0), (774.0, 130.0), (862.0, 361.0), (796.0, 310.0), (684.0, 273.0), (437.0, 601.0), (708.0, 99.0), (273.0, 105.0), (643.0, 404.0), (278.0, 434.0), (758.0, 405.0)]",10011,40,13730.219283220358,800860
"[(708.0, 99.0), (371.0, 429.0), (328.0, 489.0), (3.0, 517.0), (278.0, 434.0), (730.0, 742.0), (101.0, 482.0), (494.0, 898.0), (528.0, 794.0), (549.0, 329.0), (501.0, 287.0), (573.0, 903.0), (276.0, 666.0), (213.0, 639.0), (2.0, 897.0), (45.0, 549.0), (98.0, 711.0), (643.0, 404.0), (437.0, 601.0), (493.0, 970.0), (774.0, 130.0), (602.0, 68.0), (508.0, 31.0), (273.0, 105.0), (116.0, 69.0), (220.0, 307.0), (330.0, 410.0), (444.0, 428.0), (761.0, 772.0), (837.0, 787.0), (704.0, 995.0), (921.0, 964.0), (898.0, 898.0), (964.0, 726.0), (938.0, 646.0), (901.0, 639.0), (908.0, 534.0), (929.0, 389.0), (875.0, 407.0), (897.0, 324.0), (951.0, 209.0), (862.0, 361.0), (724.0, 631.0), (684.0, 273.0), (758.0, 405.0), (628.0, 311.0), (796.0, 310.0), (436.0, 619.0), (345.0, 560.0), (189.0, 739.0)]",10011,41,13799.688983861946,800871
"[(573.0, 903.0), (758.0, 405.0), (951.0, 209.0), (774.0, 130.0), (708.0, 99.0), (602.0, 68.0), (508.0, 31.0), (273.0, 105.0), (116.0, 69.0), (220.0, 307.0), (330.0, 410.0), (444.0, 428.0), (371.0, 429.0), (278.0, 434.0), (328.0, 489.0), (3.0, 517.0), (45.0, 549.0), (101.0, 482.0), (2.0, 897.0), (98.0, 711.0), (213.0, 639.0), (276.0, 666.0), (528.0, 794.0), (964.0, 726.0), (938.0, 646.0), (921.0, 964.0), (796.0, 310.0), (761.0, 772.0), (730.0, 742.0), (643.0, 404.0), (628.0, 311.0), (908.0, 534.0), (875.0, 407.0), (862.0, 361.0), (898.0, 898.0), (493.0, 970.0), (494.0, 898.0), (189.0, 739.0), (549.0, 329.0), (436.0, 619.0), (704.0, 995.0), (501.0, 287.0), (684.0, 273.0), (929.0, 389.0), (345.0, 560.0), (724.0, 631.0), (901.0, 639.0), (897.0, 324.0), (837.0, 787.0), (437.0, 601.0)]",10011,42,13841.943560467433,800822
"[(628.0, 311.0), (938.0, 646.0), (549.0, 329.0), (328.0, 489.0), (3.0, 517.0), (45.0, 549.0), (101.0, 482.0), (2.0, 897.0), (98.0, 711.0), (213.0, 639.0), (189.0, 739.0), (436.0, 619.0), (345.0, 560.0), (276.0, 666.0), (528.0, 794.0), (437.0, 601.0), (494.0, 898.0), (493.0, 970.0), (573.0, 903.0), (730.0, 742.0), (761.0, 772.0), (837.0, 787.0), (901.0, 639.0), (908.0, 534.0), (929.0, 389.0), (951.0, 209.0), (774.0, 130.0), (708.0, 99.0), (602.0, 68.0), (508.0, 31.0), (273.0, 105.0), (116.0, 69.0), (220.0, 307.0), (330.0, 410.0), (758.0, 405.0), (964.0, 726.0), (501.0, 287.0), (643.0, 404.0), (278.0, 434.0), (684.0, 273.0), (371.0, 429.0), (724.0, 631.0), (898.0, 898.0), (862.0, 361.0), (444.0, 428.0), (704.0, 995.0), (796.0, 310.0), (897.0, 324.0), (921.0, 964.0), (875.0, 407.0)]",10011,43,13994.093969754587,800865
"[(862.0, 361.0), (328.0, 489.0), (602.0, 68.0), (371.0, 429.0), (3.0, 517.0), (45.0, 549.0), (101.0, 482.0), (2.0, 897.0), (98.0, 711.0), (213.0, 639.0), (189.0, 739.0), (436.0, 619.0), (345.0, 560.0), (276.0, 666.0), (528.0, 794.0), (220.0, 307.0), (494.0, 898.0), (493.0, 970.0), (573.0, 903.0), (730.0, 742.0), (761.0, 772.0), (837.0, 787.0), (921.0, 964.0), (898.0, 898.0), (964.0, 726.0), (938.0, 646.0), (901.0, 639.0), (908.0, 534.0), (929.0, 389.0), (875.0, 407.0), (796.0, 310.0), (437.0, 601.0), (643.0, 404.0), (501.0, 287.0), (549.0, 329.0), (758.0, 405.0), (628.0, 311.0), (684.0, 273.0), (724.0, 631.0), (897.0, 324.0), (951.0, 209.0), (330.0, 410.0), (508.0, 31.0), (116.0, 69.0), (273.0, 105.0), (444.0, 428.0), (278.0, 434.0), (708.0, 99.0), (704.0, 995.0), (774.0, 130.0)]",10011,44,14020.378529846244,800869
"[(901.0, 639.0), (493.0, 970.0), (774.0, 130.0), (602.0, 68.0), (508.0, 31.0), (273.0, 105.0), (116.0, 69.0), (220.0, 307.0), (330.0, 410.0), (444.0, 428.0), (371.0, 429.0), (278.0, 434.0), (328.0, 489.0), (3.0, 517.0), (45.0, 549.0), (101.0, 482.0), (2.0, 897.0), (98.0, 711.0), (213.0, 639.0), (189.0, 739.0), (436.0, 619.0), (345.0, 560.0), (708.0, 99.0), (951.0, 209.0), (898.0, 898.0), (908.0, 534.0), (276.0, 666.0), (437.0, 601.0), (761.0, 772.0), (501.0, 287.0), (549.0, 329.0), (684.0, 273.0), (875.0, 407.0), (796.0, 310.0), (724.0, 631.0), (643.0, 404.0), (628.0, 311.0), (938.0, 646.0), (897.0, 324.0), (964.0, 726.0), (921.0, 964.0), (929.0, 389.0), (758.0, 405.0), (862.0, 361.0), (494.0, 898.0), (704.0, 995.0), (528.0, 794.0), (573.0, 903.0), (837.0, 787.0), (730.0, 742.0)]",10011,45,14190.011648325863,800849
"[(330.0, 410.0), (862.0, 361.0), (908.0, 534.0), (929.0, 389.0), (371.0, 429.0), (116.0, 69.0), (508.0, 31.0), (45.0, 549.0), (938.0, 646.0), (875.0, 407.0), (220.0, 307.0), (3.0, 517.0), (328.0, 489.0), (2.0, 897.0), (98.0, 711.0), (213.0, 639.0), (189.0, 739.0), (436.0, 619.0), (345.0, 560.0), (276.0, 666.0), (528.0, 794.0), (437.0, 601.0), (494.0, 898.0), (493.0, 970.0), (573.0, 903.0), (730.0, 742.0), (761.0, 772.0), (837.0, 787.0), (704.0, 995.0), (921.0, 964.0), (898.0, 898.0), (964.0, 726.0), (897.0, 324.0), (951.0, 209.0), (758.0, 405.0), (628.0, 311.0), (724.0, 631.0), (643.0, 404.0), (684.0, 273.0), (774.0, 130.0), (501.0, 287.0), (549.0, 329.0), (796.0, 310.0), (708.0, 99.0), (602.0, 68.0), (278.0, 434.0), (101.0, 482.0), (273.0, 105.0), (901.0, 639.0), (444.0, 428.0)]",10011,46,14420.036390723595,800823
"[(493.0, 970.0), (345.0, 560.0), (573.0, 903.0), (494.0, 898.0), (908.0, 534.0), (213.0, 639.0), (501.0, 287.0), (898.0, 898.0), (730.0, 742.0), (921.0, 964.0), (436.0, 619.0), (938.0, 646.0), (964.0, 726.0), (761.0, 772.0), (901.0, 639.0), (837.0, 787.0), (276.0, 666.0), (929.0, 389.0), (951.0, 209.0), (774.0, 130.0), (708.0, 99.0), (602.0, 68.0), (508.0, 31.0), (273.0, 105.0), (116.0, 69.0), (220.0, 307.0), (330.0, 410.0), (444.0, 428.0), (371.0, 429.0), (278.0, 434.0), (328.0, 489.0), (3.0, 517.0), (45.0, 549.0), (101.0, 482.0), (2.0, 897.0), (98.0, 711.0), (704.0, 995.0), (189.0, 739.0), (437.0, 601.0), (684.0, 273.0), (628.0, 311.0), (549.0, 329.0), (796.0, 310.0), (862.0, 361.0), (875.0, 407.0), (643.0, 404.0), (724.0, 631.0), (897.0, 324.0), (758.0, 405.0), (528.0, 794.0)]",10011,47,14519.99630834346,800851
"[(189.0, 739.0), (774.0, 130.0), (273.0, 105.0), (602.0, 68.0), (2.0, 897.0), (276.0, 666.0), (897.0, 324.0), (758.0, 405.0), (436.0, 619.0), (345.0, 560.0), (528.0, 794.0), (494.0, 898.0), (493.0, 970.0), (573.0, 903.0), (730.0, 742.0), (761.0, 772.0), (837.0, 787.0), (704.0, 995.0), (921.0, 964.0), (898.0, 898.0), (964.0, 726.0), (938.0, 646.0), (901.0, 639.0), (908.0, 534.0), (929.0, 389.0), (951.0, 209.0), (116.0, 69.0), (437.0, 601.0), (444.0, 428.0), (501.0, 287.0), (549.0, 329.0), (684.0, 273.0), (875.0, 407.0), (796.0, 310.0), (724.0, 631.0), (643.0, 404.0), (628.0, 311.0), (330.0, 410.0), (220.0, 307.0), (371.0, 429.0), (278.0, 434.0), (328.0, 489.0), (3.0, 517.0), (45.0, 549.0), (101.0, 482.0), (862.0, 361.0), (708.0, 99.0), (98.0, 711.0), (213.0, 639.0), (508.0, 31.0)]",10011,48,14556.890574516754,800876
"[(573.0, 903.0), (875.0, 407.0), (897.0, 324.0), (345.0, 560.0), (2.0, 897.0), (101.0, 482.0), (45.0, 549.0), (761.0, 772.0), (921.0, 964.0), (898.0, 898.0), (213.0, 639.0), (704.0, 995.0), (837.0, 787.0), (938.0, 646.0), (964.0, 726.0), (528.0, 794.0), (494.0, 898.0), (493.0, 970.0), (98.0, 711.0), (276.0, 666.0), (643.0, 404.0), (3.0, 517.0), (901.0, 639.0), (908.0, 534.0), (929.0, 389.0), (951.0, 209.0), (774.0, 130.0), (708.0, 99.0), (602.0, 68.0), (508.0, 31.0), (273.0, 105.0), (116.0, 69.0), (220.0, 307.0), (330.0, 410.0), (444.0, 428.0), (371.0, 429.0), (278.0, 434.0), (328.0, 489.0), (437.0, 601.0), (684.0, 273.0), (628.0, 311.0), (796.0, 310.0), (724.0, 631.0), (862.0, 361.0), (758.0, 405.0), (549.0, 329.0), (436.0, 619.0), (730.0, 742.0), (189.0, 739.0), (501.0, 287.0)]",10011,49,14658.285684335933,800864
"[(951.0, 209.0), (898.0, 898.0), (758.0, 405.0), (602.0, 68.0), (3.0, 517.0), (45.0, 549.0), (101.0, 482.0), (2.0, 897.0), (98.0, 711.0), (213.0, 639.0), (189.0, 739.0), (436.0, 619.0), (345.0, 560.0), (276.0, 666.0), (528.0, 794.0), (921.0, 964.0), (494.0, 898.0), (493.0, 970.0), (573.0, 903.0), (730.0, 742.0), (929.0, 389.0), (774.0, 130.0), (901.0, 639.0), (704.0, 995.0), (761.0, 772.0), (908.0, 534.0), (938.0, 646.0), (501.0, 287.0), (837.0, 787.0), (508.0, 31.0), (273.0, 105.0), (116.0, 69.0), (220.0, 307.0), (330.0, 410.0), (444.0, 428.0), (371.0, 429.0), (278.0, 434.0), (328.0, 489.0), (437.0, 601.0), (684.0, 273.0), (628.0, 311.0), (549.0, 329.0), (796.0, 310.0), (862.0, 361.0), (875.0, 407.0), (643.0, 404.0), (724.0, 631.0), (897.0, 324.0), (964.0, 726.0), (708.0, 99.0)]",10011,50,14815.586114727708,800894
"[(730.0, 742.0), (964.0, 726.0), (494.0, 898.0), (501.0, 287.0), (724.0, 631.0), (116.0, 69.0), (220.0, 307.0), (330.0, 410.0), (444.0, 428.0), (371.0, 429.0), (278.0, 434.0), (328.0, 489.0), (3.0, 517.0), (45.0, 549.0), (101.0, 482.0), (2.0, 897.0), (98.0, 711.0), (213.0, 639.0), (189.0, 739.0), (436.0, 619.0), (345.0, 560.0), (276.0, 666.0), (528.0, 794.0), (437.0, 601.0), (938.0, 646.0), (573.0, 903.0), (761.0, 772.0), (908.0, 534.0), (929.0, 389.0), (951.0, 209.0), (774.0, 130.0), (708.0, 99.0), (602.0, 68.0), (508.0, 31.0), (273.0, 105.0), (921.0, 964.0), (704.0, 995.0), (684.0, 273.0), (549.0, 329.0), (898.0, 898.0), (643.0, 404.0), (796.0, 310.0), (758.0, 405.0), (862.0, 361.0), (875.0, 407.0), (897.0, 324.0), (837.0, 787.0), (628.0, 311.0), (901.0, 639.0), (493.0, 970.0)]",10011,51,14865.71823660892,800889
"[(501.0, 287.0), (796.0, 310.0), (328.0, 489.0), (573.0, 903.0), (330.0, 410.0), (436.0, 619.0), (98.0, 711.0), (276.0, 666.0), (437.0, 601.0), (549.0, 329.0), (345.0, 560.0), (761.0, 772.0), (3.0, 517.0), (278.0, 434.0), (220.0, 307.0), (494.0, 898.0), (213.0, 639.0), (493.0, 970.0), (730.0, 742.0), (371.0, 429.0), (528.0, 794.0), (837.0, 787.0), (704.0, 995.0), (921.0, 964.0), (898.0, 898.0), (964.0, 726.0), (938.0, 646.0), (901.0, 639.0), (908.0, 534.0), (929.0, 389.0), (875.0, 407.0), (862.0, 361.0), (897.0, 324.0), (951.0, 209.0), (758.0, 405.0), (628.0, 311.0), (724.0, 631.0), (643.0, 404.0), (684.0, 273.0), (774.0, 130.0), (189.0, 739.0), (45.0, 549.0), (2.0, 897.0), (708.0, 99.0), (602.0, 68.0), (508.0, 31.0), (273.0, 105.0), (116.0, 69.0), (101.0, 482.0), (444.0, 428.0)]",10011,52,14919.947934978032,800844
"[(898.0, 898.0), (220.0, 307.0), (921.0, 964.0), (278.0, 434.0), (371.0, 429.0), (444.0, 428.0), (901.0, 639.0), (101.0, 482.0), (704.0, 995.0), (45.0, 549.0), (116.0, 69.0), (330.0, 410.0), (328.0, 489.0), (3.0, 517.0), (2.0, 897.0), (98.0, 711.0), (213.0, 639.0), (189.0, 739.0), (276.0, 666.0), (436.0, 619.0), (345.0, 560.0), (528.0, 794.0), (437.0, 601.0), (494.0, 898.0), (493.0, 970.0), (573.0, 903.0), (730.0, 742.0), (761.0, 772.0), (908.0, 534.0), (929.0, 389.0), (875.0, 407.0), (684.0, 273.0), (628.0, 311.0), (862.0, 361.0), (549.0, 329.0), (501.0, 287.0), (758.0, 405.0), (796.0, 310.0), (643.0, 404.0), (724.0, 631.0), (897.0, 324.0), (951.0, 209.0), (774.0, 130.0), (708.0, 99.0), (602.0, 68.0), (508.0, 31.0), (273.0, 105.0), (837.0, 787.0), (938.0, 646.0), (964.0, 726.0)]",10011,53,15165.640697933191,800842
"[(494.0, 898.0), (213.0, 639.0), (436.0, 619.0), (493.0, 970.0), (220.0, 307.0), (3.0, 517.0), (573.0, 903.0), (189.0, 739.0), (328.0, 489.0), (330.0, 410.0), (276.0, 666.0), (730.0, 742.0), (278.0, 434.0), (761.0, 772.0), (437.0, 601.0), (2.0, 897.0), (837.0, 787.0), (704.0, 995.0), (921.0, 964.0), (898.0, 898.0), (964.0, 726.0), (938.0, 646.0), (901.0, 639.0), (908.0, 534.0), (444.0, 428.0), (98.0, 711.0), (45.0, 549.0), (345.0, 560.0), (101.0, 482.0), (875.0, 407.0), (643.0, 404.0), (758.0, 405.0), (796.0, 310.0), (951.0, 209.0), (897.0, 324.0), (929.0, 389.0), (724.0, 631.0), (549.0, 329.0), (501.0, 287.0), (628.0, 311.0), (862.0, 361.0), (684.0, 273.0), (774.0, 130.0), (708.0, 99.0), (602.0, 68.0), (508.0, 31.0), (273.0, 105.0), (116.0, 69.0), (528.0, 794.0), (371.0, 429.0)]",10011,54,15187.64492476286,800843
"[(837.0, 787.0), (276.0, 666.0), (724.0, 631.0), (436.0, 619.0), (761.0, 772.0), (494.0, 898.0), (758.0, 405.0), (493.0, 970.0), (345.0, 560.0), (730.0, 742.0), (437.0, 601.0), (862.0, 361.0), (528.0, 794.0), (898.0, 898.0), (328.0, 489.0), (3.0, 517.0), (45.0, 549.0), (101.0, 482.0), (2.0, 897.0), (98.0, 711.0), (213.0, 639.0), (189.0, 739.0), (938.0, 646.0), (901.0, 639.0), (908.0, 534.0), (929.0, 389.0), (951.0, 209.0), (774.0, 130.0), (708.0, 99.0), (602.0, 68.0), (508.0, 31.0), (273.0, 105.0), (116.0, 69.0), (220.0, 307.0), (330.0, 410.0), (444.0, 428.0), (371.0, 429.0), (278.0, 434.0), (501.0, 287.0), (897.0, 324.0), (875.0, 407.0), (921.0, 964.0), (704.0, 995.0), (684.0, 273.0), (796.0, 310.0), (964.0, 726.0), (573.0, 903.0), (643.0, 404.0), (549.0, 329.0), (628.0, 311.0)]",10011,55,15223.860424792545,800848
"[(45.0, 549.0), (278.0, 434.0), (549.0, 329.0), (796.0, 310.0), (444.0, 428.0), (436.0, 619.0), (837.0, 787.0), (704.0, 995.0), (921.0, 964.0), (898.0, 898.0), (964.0, 726.0), (938.0, 646.0), (901.0, 639.0), (908.0, 534.0), (758.0, 405.0), (862.0, 361.0), (897.0, 324.0), (929.0, 389.0), (951.0, 209.0), (774.0, 130.0), (708.0, 99.0), (602.0, 68.0), (508.0, 31.0), (273.0, 105.0), (116.0, 69.0), (730.0, 742.0), (643.0, 404.0), (2.0, 897.0), (875.0, 407.0), (724.0, 631.0), (276.0, 666.0), (494.0, 898.0), (189.0, 739.0), (345.0, 560.0), (371.0, 429.0), (98.0, 711.0), (220.0, 307.0), (330.0, 410.0), (101.0, 482.0), (3.0, 517.0), (501.0, 287.0), (761.0, 772.0), (437.0, 601.0), (493.0, 970.0), (328.0, 489.0), (573.0, 903.0), (213.0, 639.0), (528.0, 794.0), (684.0, 273.0), (628.0, 311.0)]",10011,56,15298.595006247146,800866
"[(436.0, 619.0), (730.0, 742.0), (549.0, 329.0), (875.0, 407.0), (628.0, 311.0), (761.0, 772.0), (704.0, 995.0), (921.0, 964.0), (276.0, 666.0), (501.0, 287.0), (837.0, 787.0), (758.0, 405.0), (494.0, 898.0), (643.0, 404.0), (189.0, 739.0), (3.0, 517.0), (45.0, 549.0), (101.0, 482.0), (2.0, 897.0), (98.0, 711.0), (213.0, 639.0), (938.0, 646.0), (901.0, 639.0), (908.0, 534.0), (929.0, 389.0), (951.0, 209.0), (774.0, 130.0), (708.0, 99.0), (602.0, 68.0), (508.0, 31.0), (273.0, 105.0), (116.0, 69.0), (220.0, 307.0), (330.0, 410.0), (444.0, 428.0), (371.0, 429.0), (278.0, 434.0), (328.0, 489.0), (437.0, 601.0), (684.0, 273.0), (493.0, 970.0), (528.0, 794.0), (897.0, 324.0), (345.0, 560.0), (573.0, 903.0), (898.0, 898.0), (964.0, 726.0), (796.0, 310.0), (724.0, 631.0), (862.0, 361.0)]",10011,57,15323.07771329738,800899
"[(437.0, 601.0), (273.0, 105.0), (602.0, 68.0), (774.0, 130.0), (708.0, 99.0), (98.0, 711.0), (213.0, 639.0), (189.0, 739.0), (276.0, 666.0), (436.0, 619.0), (345.0, 560.0), (528.0, 794.0), (494.0, 898.0), (493.0, 970.0), (573.0, 903.0), (730.0, 742.0), (761.0, 772.0), (837.0, 787.0), (704.0, 995.0), (921.0, 964.0), (898.0, 898.0), (964.0, 726.0), (938.0, 646.0), (901.0, 639.0), (444.0, 428.0), (684.0, 273.0), (501.0, 287.0), (549.0, 329.0), (724.0, 631.0), (330.0, 410.0), (951.0, 209.0), (897.0, 324.0), (328.0, 489.0), (908.0, 534.0), (220.0, 307.0), (929.0, 389.0), (875.0, 407.0), (862.0, 361.0), (628.0, 311.0), (278.0, 434.0), (2.0, 897.0), (758.0, 405.0), (796.0, 310.0), (101.0, 482.0), (45.0, 549.0), (643.0, 404.0), (371.0, 429.0), (116.0, 69.0), (3.0, 517.0), (508.0, 31.0)]",10011,58,15742.509892181519,800829
"[(951.0, 209.0), (101.0, 482.0), (724.0, 631.0), (549.0, 329.0), (3.0, 517.0), (501.0, 287.0), (2.0, 897.0), (98.0, 711.0), (213.0, 639.0), (444.0, 428.0), (371.0, 429.0), (508.0, 31.0), (330.0, 410.0), (45.0, 549.0), (774.0, 130.0), (897.0, 324.0), (189.0, 739.0), (436.0, 619.0), (345.0, 560.0), (276.0, 666.0), (528.0, 794.0), (437.0, 601.0), (494.0, 898.0), (493.0, 970.0), (573.0, 903.0), (730.0, 742.0), (761.0, 772.0), (837.0, 787.0), (704.0, 995.0), (921.0, 964.0), (898.0, 898.0), (964.0, 726.0), (938.0, 646.0), (901.0, 639.0), (908.0, 534.0), (602.0, 68.0), (708.0, 99.0), (684.0, 273.0), (758.0, 405.0), (116.0, 69.0), (220.0, 307.0), (796.0, 310.0), (628.0, 311.0), (328.0, 489.0), (278.0, 434.0), (929.0, 389.0), (875.0, 407.0), (862.0, 361.0), (643.0, 404.0), (273.0, 105.0)]",10011,59,15947.213844829019,800883
"[(774.0, 130.0), (708.0, 99.0), (602.0, 68.0), (508.0, 31.0), (273.0, 105.0), (116.0, 69.0), (220.0, 307.0), (330.0, 410.0), (444.0, 428.0), (371.0, 429.0), (278.0, 434.0), (328.0, 489.0), (3.0, 517.0), (45.0, 549.0), (101.0, 482.0), (2.0, 897.0), (98.0, 711.0), (213.0, 639.0), (189.0, 739.0), (901.0, 639.0), (276.0, 666.0), (897.0, 324.0), (573.0, 903.0), (436.0, 619.0), (730.0, 742.0), (493.0, 970.0), (875.0, 407.0), (437.0, 601.0), (528.0, 794.0), (951.0, 209.0), (796.0, 310.0), (758.0, 405.0), (724.0, 631.0), (501.0, 287.0), (628.0, 311.0), (684.0, 273.0), (643.0, 404.0), (938.0, 646.0), (345.0, 560.0), (704.0, 995.0), (908.0, 534.0), (929.0, 389.0), (921.0, 964.0), (898.0, 898.0), (549.0, 329.0), (761.0, 772.0), (837.0, 787.0), (494.0, 898.0), (964.0, 726.0), (862.0, 361.0)]",10011,60,15998.12431799714,800875
"[(549.0, 329.0), (964.0, 726.0), (758.0, 405.0), (101.0, 482.0), (494.0, 898.0), (704.0, 995.0), (643.0, 404.0), (573.0, 903.0), (493.0, 970.0), (898.0, 898.0), (3.0, 517.0), (628.0, 311.0), (45.0, 549.0), (837.0, 787.0), (921.0, 964.0), (2.0, 897.0), (98.0, 711.0), (213.0, 639.0), (189.0, 739.0), (436.0, 619.0), (345.0, 560.0), (276.0, 666.0), (528.0, 794.0), (901.0, 639.0), (908.0, 534.0), (929.0, 389.0), (951.0, 209.0), (774.0, 130.0), (708.0, 99.0), (602.0, 68.0), (508.0, 31.0), (273.0, 105.0), (116.0, 69.0), (220.0, 307.0), (330.0, 410.0), (444.0, 428.0), (371.0, 429.0), (278.0, 434.0), (501.0, 287.0), (897.0, 324.0), (875.0, 407.0), (796.0, 310.0), (724.0, 631.0), (437.0, 601.0), (328.0, 489.0), (761.0, 772.0), (862.0, 361.0), (684.0, 273.0), (730.0, 742.0), (938.0, 646.0)]",10011,61,16022.651617336192,800821
"[(278.0, 434.0), (273.0, 105.0), (929.0, 389.0), (116.0, 69.0), (796.0, 310.0), (897.0, 324.0), (371.0, 429.0), (328.0, 489.0), (684.0, 273.0), (220.0, 307.0), (2.0, 897.0), (508.0, 31.0), (862.0, 361.0), (908.0, 534.0), (98.0, 711.0), (101.0, 482.0), (875.0, 407.0), (213.0, 639.0), (189.0, 739.0), (436.0, 619.0), (345.0, 560.0), (276.0, 666.0), (528.0, 794.0), (437.0, 601.0), (494.0, 898.0), (493.0, 970.0), (573.0, 903.0), (730.0, 742.0), (761.0, 772.0), (837.0, 787.0), (704.0, 995.0), (921.0, 964.0), (898.0, 898.0), (964.0, 726.0), (938.0, 646.0), (901.0, 639.0), (724.0, 631.0), (549.0, 329.0), (501.0, 287.0), (758.0, 405.0), (628.0, 311.0), (643.0, 404.0), (774.0, 130.0), (708.0, 99.0), (602.0, 68.0), (330.0, 410.0), (3.0, 517.0), (45.0, 549.0), (444.0, 428.0), (951.0, 209.0)]",10011,62,16025.547618879455,800891
"[(345.0, 560.0), (116.0, 69.0), (758.0, 405.0), (371.0, 429.0), (774.0, 130.0), (328.0, 489.0), (101.0, 482.0), (796.0, 310.0), (643.0, 404.0), (436.0, 619.0), (276.0, 666.0), (98.0, 711.0), (278.0, 434.0), (501.0, 287.0), (708.0, 99.0), (684.0, 273.0), (220.0, 307.0), (273.0, 105.0), (549.0, 329.0), (213.0, 639.0), (508.0, 31.0), (2.0, 897.0), (189.0, 739.0), (330.0, 410.0), (494.0, 898.0), (493.0, 970.0), (573.0, 903.0), (730.0, 742.0), (761.0, 772.0), (837.0, 787.0), (704.0, 995.0), (921.0, 964.0), (898.0, 898.0), (964.0, 726.0), (938.0, 646.0), (901.0, 639.0), (908.0, 534.0), (929.0, 389.0), (875.0, 407.0), (897.0, 324.0), (951.0, 209.0), (862.0, 361.0), (724.0, 631.0), (444.0, 428.0), (602.0, 68.0), (3.0, 517.0), (528.0, 794.0), (628.0, 311.0), (45.0, 549.0), (437.0, 601.0)]",10011,63,16085.287065903465,800838
"[(437.0, 601.0), (897.0, 324.0), (549.0, 329.0), (901.0, 639.0), (273.0, 105.0), (116.0, 69.0), (220.0, 307.0), (330.0, 410.0), (444.0, 428.0), (371.0, 429.0), (278.0, 434.0), (328.0, 489.0), (3.0, 517.0), (45.0, 549.0), (101.0, 482.0), (2.0, 897.0), (98.0, 711.0), (213.0, 639.0), (189.0, 739.0), (436.0, 619.0), (345.0, 560.0), (276.0, 666.0), (528.0, 794.0), (796.0, 310.0), (602.0, 68.0), (508.0, 31.0), (494.0, 898.0), (493.0, 970.0), (573.0, 903.0), (730.0, 742.0), (761.0, 772.0), (837.0, 787.0), (758.0, 405.0), (951.0, 209.0), (898.0, 898.0), (774.0, 130.0), (501.0, 287.0), (708.0, 99.0), (921.0, 964.0), (684.0, 273.0), (938.0, 646.0), (875.0, 407.0), (704.0, 995.0), (929.0, 389.0), (724.0, 631.0), (908.0, 534.0), (862.0, 361.0), (628.0, 311.0), (964.0, 726.0), (643.0, 404.0)]",10011,64,16122.763977881583,800873
"[(98.0, 711.0), (3.0, 517.0), (345.0, 560.0), (328.0, 489.0), (213.0, 639.0), (437.0, 601.0), (796.0, 310.0), (704.0, 995.0), (921.0, 964.0), (898.0, 898.0), (964.0, 726.0), (938.0, 646.0), (573.0, 903.0), (444.0, 428.0), (528.0, 794.0), (862.0, 361.0), (897.0, 324.0), (101.0, 482.0), (684.0, 273.0), (276.0, 666.0), (761.0, 772.0), (643.0, 404.0), (901.0, 639.0), (908.0, 534.0), (929.0, 389.0), (951.0, 209.0), (774.0, 130.0), (708.0, 99.0), (602.0, 68.0), (508.0, 31.0), (273.0, 105.0), (116.0, 69.0), (220.0, 307.0), (330.0, 410.0), (549.0, 329.0), (501.0, 287.0), (837.0, 787.0), (724.0, 631.0), (628.0, 311.0), (758.0, 405.0), (875.0, 407.0), (2.0, 897.0), (730.0, 742.0), (493.0, 970.0), (371.0, 429.0), (494.0, 898.0), (189.0, 739.0), (45.0, 549.0), (278.0, 434.0), (436.0, 619.0)]",10011,65,16123.15482781761,800900
"[(273.0, 105.0), (330.0, 410.0), (708.0, 99.0), (508.0, 31.0), (444.0, 428.0), (774.0, 130.0), (528.0, 794.0), (220.0, 307.0), (493.0, 970.0), (573.0, 903.0), (276.0, 666.0), (371.0, 429.0), (628.0, 311.0), (278.0, 434.0), (643.0, 404.0), (2.0, 897.0), (98.0, 711.0), (213.0, 639.0), (189.0, 739.0), (730.0, 742.0), (761.0, 772.0), (837.0, 787.0), (704.0, 995.0), (921.0, 964.0), (898.0, 898.0), (964.0, 726.0), (938.0, 646.0), (901.0, 639.0), (908.0, 534.0), (929.0, 389.0), (796.0, 310.0), (684.0, 273.0), (862.0, 361.0), (897.0, 324.0), (951.0, 209.0), (875.0, 407.0), (724.0, 631.0), (549.0, 329.0), (45.0, 549.0), (758.0, 405.0), (3.0, 517.0), (328.0, 489.0), (345.0, 560.0), (494.0, 898.0), (501.0, 287.0), (437.0, 601.0), (101.0, 482.0), (116.0, 69.0), (602.0, 68.0), (436.0, 619.0)]",10011,66,16273.633922305891,800830
"[(897.0, 324.0), (796.0, 310.0), (758.0, 405.0), (862.0, 361.0), (220.0, 307.0), (330.0, 410.0), (444.0, 428.0), (371.0, 429.0), (278.0, 434.0), (328.0, 489.0), (3.0, 517.0), (45.0, 549.0), (101.0, 482.0), (2.0, 897.0), (98.0, 711.0), (213.0, 639.0), (189.0, 739.0), (436.0, 619.0), (345.0, 560.0), (276.0, 666.0), (528.0, 794.0), (437.0, 601.0), (494.0, 898.0), (602.0, 68.0), (508.0, 31.0), (273.0, 105.0), (116.0, 69.0), (708.0, 99.0), (921.0, 964.0), (501.0, 287.0), (549.0, 329.0), (724.0, 631.0), (684.0, 273.0), (774.0, 130.0), (493.0, 970.0), (951.0, 209.0), (761.0, 772.0), (929.0, 389.0), (964.0, 726.0), (628.0, 311.0), (875.0, 407.0), (901.0, 639.0), (643.0, 404.0), (837.0, 787.0), (573.0, 903.0), (898.0, 898.0), (730.0, 742.0), (938.0, 646.0), (908.0, 534.0), (704.0, 995.0)]",10011,67,16281.99723416364,800847
"[(3.0, 517.0), (774.0, 130.0), (708.0, 99.0), (328.0, 489.0), (602.0, 68.0), (862.0, 361.0), (444.0, 428.0), (897.0, 324.0), (549.0, 329.0), (908.0, 534.0), (643.0, 404.0), (371.0, 429.0), (437.0, 601.0), (684.0, 273.0), (273.0, 105.0), (508.0, 31.0), (938.0, 646.0), (101.0, 482.0), (2.0, 897.0), (98.0, 711.0), (213.0, 639.0), (189.0, 739.0), (276.0, 666.0), (436.0, 619.0), (345.0, 560.0), (528.0, 794.0), (494.0, 898.0), (493.0, 970.0), (573.0, 903.0), (730.0, 742.0), (761.0, 772.0), (837.0, 787.0), (704.0, 995.0), (921.0, 964.0), (898.0, 898.0), (964.0, 726.0), (875.0, 407.0), (929.0, 389.0), (45.0, 549.0), (278.0, 434.0), (116.0, 69.0), (330.0, 410.0), (220.0, 307.0), (628.0, 311.0), (758.0, 405.0), (724.0, 631.0), (951.0, 209.0), (501.0, 287.0), (901.0, 639.0), (796.0, 310.0)]",10011,68,16351.360363487644,800824
"[(116.0, 69.0), (602.0, 68.0), (684.0, 273.0), (330.0, 410.0), (964.0, 726.0), (45.0, 549.0), (101.0, 482.0), (2.0, 897.0), (98.0, 711.0), (213.0, 639.0), (189.0, 739.0), (436.0, 619.0), (345.0, 560.0), (276.0, 666.0), (528.0, 794.0), (437.0, 601.0), (494.0, 898.0), (493.0, 970.0), (573.0, 903.0), (730.0, 742.0), (761.0, 772.0), (837.0, 787.0), (704.0, 995.0), (921.0, 964.0), (908.0, 534.0), (929.0, 389.0), (898.0, 898.0), (897.0, 324.0), (371.0, 429.0), (758.0, 405.0), (796.0, 310.0), (938.0, 646.0), (628.0, 311.0), (220.0, 307.0), (273.0, 105.0), (508.0, 31.0), (328.0, 489.0), (278.0, 434.0), (643.0, 404.0), (774.0, 130.0), (862.0, 361.0), (724.0, 631.0), (501.0, 287.0), (3.0, 517.0), (901.0, 639.0), (549.0, 329.0), (875.0, 407.0), (951.0, 209.0), (708.0, 99.0), (444.0, 428.0)]",10011,69,16384.789166230014,800832
"[(220.0, 307.0), (643.0, 404.0), (897.0, 324.0), (444.0, 428.0), (796.0, 310.0), (116.0, 69.0), (328.0, 489.0), (862.0, 361.0), (3.0, 517.0), (45.0, 549.0), (684.0, 273.0), (436.0, 619.0), (345.0, 560.0), (276.0, 666.0), (528.0, 794.0), (437.0, 601.0), (494.0, 898.0), (493.0, 970.0), (573.0, 903.0), (730.0, 742.0), (761.0, 772.0), (837.0, 787.0), (704.0, 995.0), (921.0, 964.0), (898.0, 898.0), (964.0, 726.0), (938.0, 646.0), (901.0, 639.0), (908.0, 534.0), (875.0, 407.0), (708.0, 99.0), (951.0, 209.0), (508.0, 31.0), (213.0, 639.0), (2.0, 897.0), (98.0, 711.0), (758.0, 405.0), (371.0, 429.0), (602.0, 68.0), (929.0, 389.0), (628.0, 311.0), (189.0, 739.0), (549.0, 329.0), (501.0, 287.0), (724.0, 631.0), (774.0, 130.0), (273.0, 105.0), (101.0, 482.0), (278.0, 434.0), (330.0, 410.0)]",10011,70,16409.568149341707,800888
"[(213.0, 639.0), (573.0, 903.0), (437.0, 601.0), (45.0, 549.0), (273.0, 105.0), (730.0, 742.0), (494.0, 898.0), (276.0, 666.0), (345.0, 560.0), (528.0, 794.0), (371.0, 429.0), (330.0, 410.0), (98.0, 711.0), (643.0, 404.0), (508.0, 31.0), (602.0, 68.0), (436.0, 619.0), (189.0, 739.0), (328.0, 489.0), (493.0, 970.0), (2.0, 897.0), (774.0, 130.0), (444.0, 428.0), (708.0, 99.0), (501.0, 287.0), (278.0, 434.0), (549.0, 329.0), (101.0, 482.0), (761.0, 772.0), (837.0, 787.0), (704.0, 995.0), (921.0, 964.0), (898.0, 898.0), (964.0, 726.0), (938.0, 646.0), (901.0, 639.0), (908.0, 534.0), (929.0, 389.0), (875.0, 407.0), (897.0, 324.0), (951.0, 209.0), (862.0, 361.0), (724.0, 631.0), (684.0, 273.0), (758.0, 405.0), (628.0, 311.0), (796.0, 310.0), (116.0, 69.0), (3.0, 517.0), (220.0, 307.0)]",10011,71,16458.907857840877,800874
"[(330.0, 410.0), (508.0, 31.0), (501.0, 287.0), (875.0, 407.0), (2.0, 897.0), (98.0, 711.0), (213.0, 639.0), (189.0, 739.0), (276.0, 666.0), (436.0, 619.0), (345.0, 560.0), (528.0, 794.0), (494.0, 898.0), (493.0, 970.0), (573.0, 903.0), (730.0, 742.0), (761.0, 772.0), (837.0, 787.0), (704.0, 995.0), (921.0, 964.0), (898.0, 898.0), (964.0, 726.0), (938.0, 646.0), (897.0, 324.0), (684.0, 273.0), (437.0, 601.0), (371.0, 429.0), (758.0, 405.0), (278.0, 434.0), (643.0, 404.0), (273.0, 105.0), (549.0, 329.0), (3.0, 517.0), (901.0, 639.0), (908.0, 534.0), (929.0, 389.0), (774.0, 130.0), (45.0, 549.0), (444.0, 428.0), (796.0, 310.0), (951.0, 209.0), (862.0, 361.0), (708.0, 99.0), (328.0, 489.0), (220.0, 307.0), (602.0, 68.0), (724.0, 631.0), (101.0, 482.0), (628.0, 311.0), (116.0, 69.0)]",10011,72,16487.167306684398,800897
"[(213.0, 639.0), (444.0, 428.0), (573.0, 903.0), (345.0, 560.0), (45.0, 549.0), (730.0, 742.0), (501.0, 287.0), (328.0, 489.0), (494.0, 898.0), (704.0, 995.0), (921.0, 964.0), (898.0, 898.0), (964.0, 726.0), (938.0, 646.0), (901.0, 639.0), (908.0, 534.0), (758.0, 405.0), (862.0, 361.0), (897.0, 324.0), (929.0, 389.0), (951.0, 209.0), (774.0, 130.0), (708.0, 99.0), (602.0, 68.0), (508.0, 31.0), (273.0, 105.0), (116.0, 69.0), (437.0, 601.0), (278.0, 434.0), (436.0, 619.0), (761.0, 772.0), (628.0, 311.0), (330.0, 410.0), (684.0, 273.0), (3.0, 517.0), (276.0, 666.0), (2.0, 897.0), (796.0, 310.0), (493.0, 970.0), (189.0, 739.0), (220.0, 307.0), (98.0, 711.0), (528.0, 794.0), (101.0, 482.0), (875.0, 407.0), (643.0, 404.0), (371.0, 429.0), (549.0, 329.0), (837.0, 787.0), (724.0, 631.0)]",10011,73,16615.316234380698,800831
"[(501.0, 287.0), (730.0, 742.0), (528.0, 794.0), (708.0, 99.0), (101.0, 482.0), (549.0, 329.0), (345.0, 560.0), (276.0, 666.0), (328.0, 489.0), (45.0, 549.0), (220.0, 307.0), (444.0, 428.0), (602.0, 68.0), (684.0, 273.0), (2.0, 897.0), (573.0, 903.0), (278.0, 434.0), (508.0, 31.0), (273.0, 105.0), (774.0, 130.0), (330.0, 410.0), (98.0, 711.0), (436.0, 619.0), (371.0, 429.0), (116.0, 69.0), (493.0, 970.0), (437.0, 601.0), (3.0, 517.0), (761.0, 772.0), (837.0, 787.0), (704.0, 995.0), (921.0, 964.0), (898.0, 898.0), (964.0, 726.0), (938.0, 646.0), (901.0, 639.0), (908.0, 534.0), (929.0, 389.0), (875.0, 407.0), (862.0, 361.0), (897.0, 324.0), (951.0, 209.0), (758.0, 405.0), (628.0, 311.0), (796.0, 310.0), (724.0, 631.0), (643.0, 404.0), (213.0, 639.0), (189.0, 739.0), (494.0, 898.0)]",10011,74,16628.33777410232,800836
"[(549.0, 329.0), (901.0, 639.0), (908.0, 534.0), (708.0, 99.0), (116.0, 69.0), (501.0, 287.0), (437.0, 601.0), (730.0, 742.0), (330.0, 410.0), (897.0, 324.0), (875.0, 407.0), (602.0, 68.0), (929.0, 389.0), (774.0, 130.0), (573.0, 903.0), (273.0, 105.0), (951.0, 209.0), (494.0, 898.0), (508.0, 31.0), (758.0, 405.0), (761.0, 772.0), (837.0, 787.0), (704.0, 995.0), (921.0, 964.0), (898.0, 898.0), (964.0, 726.0), (938.0, 646.0), (444.0, 428.0), (371.0, 429.0), (278.0, 434.0), (328.0, 489.0), (3.0, 517.0), (45.0, 549.0), (101.0, 482.0), (2.0, 897.0), (98.0, 711.0), (213.0, 639.0), (189.0, 739.0), (345.0, 560.0), (276.0, 666.0), (436.0, 619.0), (724.0, 631.0), (528.0, 794.0), (643.0, 404.0), (628.0, 311.0), (684.0, 273.0), (796.0, 310.0), (862.0, 361.0), (493.0, 970.0), (220.0, 307.0)]",10011,75,16750.056821019458,800890
"[(628.0, 311.0), (2.0, 897.0), (330.0, 410.0), (276.0, 666.0), (796.0, 310.0), (273.0, 105.0), (508.0, 31.0), (549.0, 329.0), (436.0, 619.0), (101.0, 482.0), (98.0, 711.0), (501.0, 287.0), (189.0, 739.0), (528.0, 794.0), (437.0, 601.0), (494.0, 898.0), (493.0, 970.0), (573.0, 903.0), (730.0, 742.0), (761.0, 772.0), (837.0, 787.0), (704.0, 995.0), (921.0, 964.0), (898.0, 898.0), (964.0, 726.0), (938.0, 646.0), (901.0, 639.0), (908.0, 534.0), (929.0, 389.0), (951.0, 209.0), (774.0, 130.0), (708.0, 99.0), (684.0, 273.0), (328.0, 489.0), (220.0, 307.0), (213.0, 639.0), (444.0, 428.0), (3.0, 517.0), (371.0, 429.0), (897.0, 324.0), (278.0, 434.0), (758.0, 405.0), (345.0, 560.0), (602.0, 68.0), (45.0, 549.0), (643.0, 404.0), (116.0, 69.0), (875.0, 407.0), (862.0, 361.0), (724.0, 631.0)]",10011,76,16969.067710430638,800852
"[(493.0, 970.0), (436.0, 619.0), (2.0, 897.0), (278.0, 434.0), (437.0, 601.0), (901.0, 639.0), (929.0, 389.0), (528.0, 794.0), (908.0, 534.0), (345.0, 560.0), (213.0, 639.0), (3.0, 517.0), (101.0, 482.0), (444.0, 428.0), (189.0, 739.0), (796.0, 310.0), (774.0, 130.0), (951.0, 209.0), (494.0, 898.0), (45.0, 549.0), (276.0, 666.0), (684.0, 273.0), (704.0, 995.0), (921.0, 964.0), (898.0, 898.0), (964.0, 726.0), (938.0, 646.0), (708.0, 99.0), (602.0, 68.0), (508.0, 31.0), (273.0, 105.0), (116.0, 69.0), (220.0, 307.0), (330.0, 410.0), (549.0, 329.0), (501.0, 287.0), (837.0, 787.0), (724.0, 631.0), (628.0, 311.0), (758.0, 405.0), (875.0, 407.0), (862.0, 361.0), (643.0, 404.0), (761.0, 772.0), (730.0, 742.0), (897.0, 324.0), (328.0, 489.0), (98.0, 711.0), (371.0, 429.0), (573.0, 903.0)]",10011,77,16997.675970868906,800825
"[(273.0, 105.0), (908.0, 534.0), (508.0, 31.0), (964.0, 726.0), (951.0, 209.0), (704.0, 995.0), (643.0, 404.0), (116.0, 69.0), (602.0, 68.0), (501.0, 287.0), (330.0, 410.0), (328.0, 489.0), (3.0, 517.0), (45.0, 549.0), (101.0, 482.0), (2.0, 897.0), (98.0, 711.0), (213.0, 639.0), (189.0, 739.0), (436.0, 619.0), (345.0, 560.0), (276.0, 666.0), (528.0, 794.0), (437.0, 601.0), (494.0, 898.0), (493.0, 970.0), (573.0, 903.0), (730.0, 742.0), (761.0, 772.0), (837.0, 787.0), (549.0, 329.0), (684.0, 273.0), (875.0, 407.0), (796.0, 310.0), (862.0, 361.0), (774.0, 130.0), (921.0, 964.0), (897.0, 324.0), (708.0, 99.0), (628.0, 311.0), (898.0, 898.0), (371.0, 429.0), (929.0, 389.0), (901.0, 639.0), (938.0, 646.0), (758.0, 405.0), (278.0, 434.0), (444.0, 428.0), (220.0, 307.0), (724.0, 631.0)]",10011,78,17088.151499062886,800846
"[(938.0, 646.0), (189.0, 739.0), (758.0, 405.0), (796.0, 310.0), (862.0, 361.0), (628.0, 311.0), (908.0, 534.0), (643.0, 404.0), (730.0, 742.0), (493.0, 970.0), (684.0, 273.0), (436.0, 619.0), (345.0, 560.0), (276.0, 666.0), (528.0, 794.0), (437.0, 601.0), (494.0, 898.0), (929.0, 389.0), (951.0, 209.0), (774.0, 130.0), (708.0, 99.0), (602.0, 68.0), (508.0, 31.0), (273.0, 105.0), (116.0, 69.0), (220.0, 307.0), (330.0, 410.0), (444.0, 428.0), (371.0, 429.0), (278.0, 434.0), (328.0, 489.0), (3.0, 517.0), (45.0, 549.0), (101.0, 482.0), (2.0, 897.0), (98.0, 711.0), (898.0, 898.0), (501.0, 287.0), (921.0, 964.0), (875.0, 407.0), (724.0, 631.0), (901.0, 639.0), (549.0, 329.0), (704.0, 995.0), (213.0, 639.0), (761.0, 772.0), (573.0, 903.0), (897.0, 324.0), (837.0, 787.0), (964.0, 726.0)]",10011,79,17112.028554160577,800892
"[(929.0, 389.0), (508.0, 31.0), (273.0, 105.0), (116.0, 69.0), (220.0, 307.0), (897.0, 324.0), (730.0, 742.0), (330.0, 410.0), (444.0, 428.0), (371.0, 429.0), (278.0, 434.0), (328.0, 489.0), (3.0, 517.0), (45.0, 549.0), (101.0, 482.0), (2.0, 897.0), (98.0, 711.0), (213.0, 639.0), (189.0, 739.0), (436.0, 619.0), (345.0, 560.0), (276.0, 666.0), (528.0, 794.0), (437.0, 601.0), (494.0, 898.0), (493.0, 970.0), (724.0, 631.0), (774.0, 130.0), (573.0, 903.0), (964.0, 726.0), (549.0, 329.0), (951.0, 209.0), (901.0, 639.0), (761.0, 772.0), (501.0, 287.0), (898.0, 898.0), (758.0, 405.0), (684.0, 273.0), (796.0, 310.0), (921.0, 964.0), (602.0, 68.0), (708.0, 99.0), (875.0, 407.0), (862.0, 361.0), (704.0, 995.0), (643.0, 404.0), (908.0, 534.0), (628.0, 311.0), (938.0, 646.0), (837.0, 787.0)]",10011,80,17307.663860842324,800862
"[(493.0, 970.0), (213.0, 639.0), (189.0, 739.0), (45.0, 549.0), (345.0, 560.0), (116.0, 69.0), (964.0, 726.0), (921.0, 964.0), (328.0, 489.0), (573.0, 903.0), (437.0, 601.0), (101.0, 482.0), (898.0, 898.0), (901.0, 639.0), (704.0, 995.0), (938.0, 646.0), (371.0, 429.0), (98.0, 711.0), (330.0, 410.0), (278.0, 434.0), (2.0, 897.0), (220.0, 307.0), (761.0, 772.0), (436.0, 619.0), (444.0, 428.0), (3.0, 517.0), (528.0, 794.0), (837.0, 787.0), (908.0, 534.0), (929.0, 389.0), (796.0, 310.0), (684.0, 273.0), (862.0, 361.0), (897.0, 324.0), (951.0, 209.0), (875.0, 407.0), (724.0, 631.0), (549.0, 329.0), (501.0, 287.0), (758.0, 405.0), (628.0, 311.0), (643.0, 404.0), (774.0, 130.0), (708.0, 99.0), (602.0, 68.0), (508.0, 31.0), (273.0, 105.0), (276.0, 666.0), (494.0, 898.0), (730.0, 742.0)]",10011,81,17357.786119386452,800886
"[(862.0, 361.0), (898.0, 898.0), (704.0, 995.0), (774.0, 130.0), (708.0, 99.0), (602.0, 68.0), (444.0, 428.0), (371.0, 429.0), (278.0, 434.0), (328.0, 489.0), (3.0, 517.0), (45.0, 549.0), (101.0, 482.0), (2.0, 897.0), (98.0, 711.0), (213.0, 639.0), (189.0, 739.0), (436.0, 619.0), (345.0, 560.0), (276.0, 666.0), (528.0, 794.0), (437.0, 601.0), (494.0, 898.0), (493.0, 970.0), (573.0, 903.0), (837.0, 787.0), (901.0, 639.0), (220.0, 307.0), (330.0, 410.0), (875.0, 407.0), (724.0, 631.0), (758.0, 405.0), (501.0, 287.0), (684.0, 273.0), (897.0, 324.0), (761.0, 772.0), (796.0, 310.0), (938.0, 646.0), (929.0, 389.0), (628.0, 311.0), (730.0, 742.0), (508.0, 31.0), (921.0, 964.0), (951.0, 209.0), (643.0, 404.0), (908.0, 534.0), (116.0, 69.0), (549.0, 329.0), (273.0, 105.0), (964.0, 726.0)]",10011,82,17451.649328505333,800826
"[(528.0, 794.0), (444.0, 428.0), (345.0, 560.0), (273.0, 105.0), (774.0, 130.0), (220.0, 307.0), (98.0, 711.0), (278.0, 434.0), (549.0, 329.0), (328.0, 489.0), (45.0, 549.0), (508.0, 31.0), (684.0, 273.0), (330.0, 410.0), (116.0, 69.0), (213.0, 639.0), (724.0, 631.0), (436.0, 619.0), (494.0, 898.0), (371.0, 429.0), (3.0, 517.0), (276.0, 666.0), (501.0, 287.0), (493.0, 970.0), (101.0, 482.0), (602.0, 68.0), (573.0, 903.0), (730.0, 742.0), (761.0, 772.0), (837.0, 787.0), (704.0, 995.0), (921.0, 964.0), (898.0, 898.0), (964.0, 726.0), (938.0, 646.0), (901.0, 639.0), (908.0, 534.0), (929.0, 389.0), (875.0, 407.0), (862.0, 361.0), (897.0, 324.0), (951.0, 209.0), (758.0, 405.0), (628.0, 311.0), (796.0, 310.0), (437.0, 601.0), (189.0, 739.0), (708.0, 99.0), (643.0, 404.0), (2.0, 897.0)]",10011,83,17485.637818403153,800863
"[(837.0, 787.0), (528.0, 794.0), (371.0, 429.0), (3.0, 517.0), (189.0, 739.0), (328.0, 489.0), (704.0, 995.0), (220.0, 307.0), (921.0, 964.0), (278.0, 434.0), (761.0, 772.0), (898.0, 898.0), (964.0, 726.0), (938.0, 646.0), (901.0, 639.0), (908.0, 534.0), (758.0, 405.0), (862.0, 361.0), (897.0, 324.0), (929.0, 389.0), (951.0, 209.0), (774.0, 130.0), (708.0, 99.0), (602.0, 68.0), (508.0, 31.0), (273.0, 105.0), (116.0, 69.0), (437.0, 601.0), (444.0, 428.0), (501.0, 287.0), (875.0, 407.0), (684.0, 273.0), (628.0, 311.0), (98.0, 711.0), (549.0, 329.0), (436.0, 619.0), (493.0, 970.0), (796.0, 310.0), (724.0, 631.0), (330.0, 410.0), (45.0, 549.0), (276.0, 666.0), (213.0, 639.0), (573.0, 903.0), (494.0, 898.0), (345.0, 560.0), (2.0, 897.0), (643.0, 404.0), (101.0, 482.0), (730.0, 742.0)]",10011,84,17517.04627329807,800839
"[(3.0, 517.0), (501.0, 287.0), (213.0, 639.0), (220.0, 307.0), (724.0, 631.0), (929.0, 389.0), (116.0, 69.0), (330.0, 410.0), (45.0, 549.0), (437.0, 601.0), (444.0, 428.0), (189.0, 739.0), (371.0, 429.0), (758.0, 405.0), (2.0, 897.0), (708.0, 99.0), (508.0, 31.0), (278.0, 434.0), (328.0, 489.0), (684.0, 273.0), (273.0, 105.0), (628.0, 311.0), (897.0, 324.0), (436.0, 619.0), (345.0, 560.0), (528.0, 794.0), (494.0, 898.0), (493.0, 970.0), (573.0, 903.0), (730.0, 742.0), (761.0, 772.0), (837.0, 787.0), (704.0, 995.0), (921.0, 964.0), (898.0, 898.0), (964.0, 726.0), (938.0, 646.0), (901.0, 639.0), (796.0, 310.0), (862.0, 361.0), (875.0, 407.0), (908.0, 534.0), (549.0, 329.0), (602.0, 68.0), (276.0, 666.0), (643.0, 404.0), (101.0, 482.0), (98.0, 711.0), (951.0, 209.0), (774.0, 130.0)]",10011,85,17583.808563645143,800877
"[(328.0, 489.0), (508.0, 31.0), (501.0, 287.0), (101.0, 482.0), (929.0, 389.0), (220.0, 307.0), (938.0, 646.0), (875.0, 407.0), (901.0, 639.0), (278.0, 434.0), (116.0, 69.0), (796.0, 310.0), (330.0, 410.0), (643.0, 404.0), (708.0, 99.0), (2.0, 897.0), (98.0, 711.0), (213.0, 639.0), (189.0, 739.0), (436.0, 619.0), (345.0, 560.0), (276.0, 666.0), (528.0, 794.0), (437.0, 601.0), (494.0, 898.0), (493.0, 970.0), (573.0, 903.0), (730.0, 742.0), (761.0, 772.0), (837.0, 787.0), (704.0, 995.0), (921.0, 964.0), (898.0, 898.0), (964.0, 726.0), (549.0, 329.0), (758.0, 405.0), (628.0, 311.0), (684.0, 273.0), (724.0, 631.0), (897.0, 324.0), (951.0, 209.0), (862.0, 361.0), (3.0, 517.0), (371.0, 429.0), (774.0, 130.0), (602.0, 68.0), (444.0, 428.0), (273.0, 105.0), (45.0, 549.0), (908.0, 534.0)]",10011,86,17635.55367769517,800881
"[(837.0, 787.0), (964.0, 726.0), (573.0, 903.0), (796.0, 310.0), (929.0, 389.0), (220.0, 307.0), (330.0, 410.0), (444.0, 428.0), (371.0, 429.0), (278.0, 434.0), (328.0, 489.0), (3.0, 517.0), (45.0, 549.0), (101.0, 482.0), (2.0, 897.0), (98.0, 711.0), (213.0, 639.0), (189.0, 739.0), (276.0, 666.0), (436.0, 619.0), (345.0, 560.0), (528.0, 794.0), (437.0, 601.0), (494.0, 898.0), (951.0, 209.0), (875.0, 407.0), (897.0, 324.0), (643.0, 404.0), (898.0, 898.0), (493.0, 970.0), (774.0, 130.0), (938.0, 646.0), (921.0, 964.0), (508.0, 31.0), (684.0, 273.0), (862.0, 361.0), (602.0, 68.0), (730.0, 742.0), (761.0, 772.0), (549.0, 329.0), (724.0, 631.0), (704.0, 995.0), (901.0, 639.0), (501.0, 287.0), (628.0, 311.0), (116.0, 69.0), (708.0, 99.0), (758.0, 405.0), (273.0, 105.0), (908.0, 534.0)]",10011,87,17795.525890356046,800828
"[(938.0, 646.0), (602.0, 68.0), (964.0, 726.0), (708.0, 99.0), (273.0, 105.0), (908.0, 534.0), (444.0, 428.0), (951.0, 209.0), (897.0, 324.0), (758.0, 405.0), (774.0, 130.0), (494.0, 898.0), (493.0, 970.0), (573.0, 903.0), (730.0, 742.0), (761.0, 772.0), (837.0, 787.0), (704.0, 995.0), (921.0, 964.0), (220.0, 307.0), (901.0, 639.0), (862.0, 361.0), (330.0, 410.0), (875.0, 407.0), (929.0, 389.0), (549.0, 329.0), (116.0, 69.0), (898.0, 898.0), (371.0, 429.0), (278.0, 434.0), (328.0, 489.0), (3.0, 517.0), (45.0, 549.0), (101.0, 482.0), (2.0, 897.0), (98.0, 711.0), (213.0, 639.0), (189.0, 739.0), (345.0, 560.0), (276.0, 666.0), (436.0, 619.0), (724.0, 631.0), (528.0, 794.0), (643.0, 404.0), (628.0, 311.0), (684.0, 273.0), (796.0, 310.0), (437.0, 601.0), (508.0, 31.0), (501.0, 287.0)]",10011,88,17801.22133565453,800872
"[(628.0, 311.0), (276.0, 666.0), (549.0, 329.0), (724.0, 631.0), (330.0, 410.0), (98.0, 711.0), (273.0, 105.0), (2.0, 897.0), (929.0, 389.0), (437.0, 601.0), (116.0, 69.0), (328.0, 489.0), (3.0, 517.0), (220.0, 307.0), (101.0, 482.0), (189.0, 739.0), (774.0, 130.0), (45.0, 549.0), (758.0, 405.0), (278.0, 434.0), (371.0, 429.0), (444.0, 428.0), (897.0, 324.0), (436.0, 619.0), (345.0, 560.0), (528.0, 794.0), (494.0, 898.0), (493.0, 970.0), (573.0, 903.0), (730.0, 742.0), (761.0, 772.0), (837.0, 787.0), (704.0, 995.0), (921.0, 964.0), (898.0, 898.0), (964.0, 726.0), (938.0, 646.0), (901.0, 639.0), (796.0, 310.0), (862.0, 361.0), (875.0, 407.0), (908.0, 534.0), (508.0, 31.0), (684.0, 273.0), (643.0, 404.0), (602.0, 68.0), (213.0, 639.0), (501.0, 287.0), (708.0, 99.0), (951.0, 209.0)]",10011,89,17811.426741877192,800885
"[(501.0, 287.0), (493.0, 970.0), (921.0, 964.0), (908.0, 534.0), (573.0, 903.0), (628.0, 311.0), (220.0, 307.0), (330.0, 410.0), (444.0, 428.0), (371.0, 429.0), (278.0, 434.0), (328.0, 489.0), (3.0, 517.0), (45.0, 549.0), (101.0, 482.0), (2.0, 897.0), (98.0, 711.0), (213.0, 639.0), (189.0, 739.0), (436.0, 619.0), (345.0, 560.0), (276.0, 666.0), (528.0, 794.0), (437.0, 601.0), (494.0, 898.0), (724.0, 631.0), (938.0, 646.0), (898.0, 898.0), (549.0, 329.0), (929.0, 389.0), (730.0, 742.0), (897.0, 324.0), (837.0, 787.0), (862.0, 361.0), (964.0, 726.0), (684.0, 273.0), (758.0, 405.0), (774.0, 130.0), (508.0, 31.0), (901.0, 639.0), (643.0, 404.0), (708.0, 99.0), (602.0, 68.0), (951.0, 209.0), (116.0, 69.0), (761.0, 772.0), (704.0, 995.0), (796.0, 310.0), (273.0, 105.0), (875.0, 407.0)]",10011,90,17871.289997620614,800896
"[(929.0, 389.0), (273.0, 105.0), (330.0, 410.0), (101.0, 482.0), (602.0, 68.0), (501.0, 287.0), (116.0, 69.0), (278.0, 434.0), (2.0, 897.0), (328.0, 489.0), (724.0, 631.0), (98.0, 711.0), (862.0, 361.0), (276.0, 666.0), (528.0, 794.0), (437.0, 601.0), (494.0, 898.0), (493.0, 970.0), (573.0, 903.0), (730.0, 742.0), (761.0, 772.0), (837.0, 787.0), (704.0, 995.0), (921.0, 964.0), (898.0, 898.0), (964.0, 726.0), (938.0, 646.0), (901.0, 639.0), (908.0, 534.0), (875.0, 407.0), (643.0, 404.0), (758.0, 405.0), (549.0, 329.0), (796.0, 310.0), (45.0, 549.0), (189.0, 739.0), (951.0, 209.0), (684.0, 273.0), (371.0, 429.0), (3.0, 517.0), (628.0, 311.0), (213.0, 639.0), (897.0, 324.0), (508.0, 31.0), (774.0, 130.0), (444.0, 428.0), (708.0, 99.0), (220.0, 307.0), (436.0, 619.0), (345.0, 560.0)]",10011,91,17990.40951275307,800870
"[(761.0, 772.0), (724.0, 631.0), (704.0, 995.0), (964.0, 726.0), (220.0, 307.0), (330.0, 410.0), (444.0, 428.0), (371.0, 429.0), (278.0, 434.0), (328.0, 489.0), (3.0, 517.0), (45.0, 549.0), (101.0, 482.0), (2.0, 897.0), (98.0, 711.0), (213.0, 639.0), (189.0, 739.0), (436.0, 619.0), (345.0, 560.0), (276.0, 666.0), (528.0, 794.0), (437.0, 601.0), (494.0, 898.0), (908.0, 534.0), (862.0, 361.0), (898.0, 898.0), (273.0, 105.0), (493.0, 970.0), (897.0, 324.0), (929.0, 389.0), (774.0, 130.0), (730.0, 742.0), (938.0, 646.0), (643.0, 404.0), (875.0, 407.0), (921.0, 964.0), (901.0, 639.0), (708.0, 99.0), (628.0, 311.0), (684.0, 273.0), (116.0, 69.0), (951.0, 209.0), (837.0, 787.0), (796.0, 310.0), (573.0, 903.0), (501.0, 287.0), (602.0, 68.0), (549.0, 329.0), (508.0, 31.0), (758.0, 405.0)]",10011,92,18090.95059477089,800879
"[(278.0, 434.0), (45.0, 549.0), (2.0, 897.0), (345.0, 560.0), (951.0, 209.0), (528.0, 794.0), (273.0, 105.0), (371.0, 429.0), (774.0, 130.0), (328.0, 489.0), (3.0, 517.0), (897.0, 324.0), (862.0, 361.0), (708.0, 99.0), (573.0, 903.0), (508.0, 31.0), (189.0, 739.0), (493.0, 970.0), (730.0, 742.0), (761.0, 772.0), (837.0, 787.0), (704.0, 995.0), (921.0, 964.0), (898.0, 898.0), (964.0, 726.0), (938.0, 646.0), (901.0, 639.0), (908.0, 534.0), (929.0, 389.0), (875.0, 407.0), (796.0, 310.0), (437.0, 601.0), (643.0, 404.0), (501.0, 287.0), (549.0, 329.0), (758.0, 405.0), (628.0, 311.0), (220.0, 307.0), (276.0, 666.0), (213.0, 639.0), (101.0, 482.0), (724.0, 631.0), (98.0, 711.0), (116.0, 69.0), (444.0, 428.0), (494.0, 898.0), (330.0, 410.0), (436.0, 619.0), (684.0, 273.0), (602.0, 68.0)]",10011,93,18184.445533764392,800845
"[(508.0, 31.0), (3.0, 517.0), (875.0, 407.0), (908.0, 534.0), (444.0, 428.0), (278.0, 434.0), (602.0, 68.0), (2.0, 897.0), (98.0, 711.0), (213.0, 639.0), (189.0, 739.0), (436.0, 619.0), (345.0, 560.0), (276.0, 666.0), (528.0, 794.0), (437.0, 601.0), (494.0, 898.0), (493.0, 970.0), (573.0, 903.0), (730.0, 742.0), (761.0, 772.0), (837.0, 787.0), (704.0, 995.0), (921.0, 964.0), (898.0, 898.0), (964.0, 726.0), (45.0, 549.0), (101.0, 482.0), (116.0, 69.0), (724.0, 631.0), (371.0, 429.0), (897.0, 324.0), (330.0, 410.0), (862.0, 361.0), (901.0, 639.0), (501.0, 287.0), (951.0, 209.0), (273.0, 105.0), (328.0, 489.0), (628.0, 311.0), (643.0, 404.0), (796.0, 310.0), (220.0, 307.0), (929.0, 389.0), (684.0, 273.0), (549.0, 329.0), (708.0, 99.0), (758.0, 405.0), (774.0, 130.0), (938.0, 646.0)]",10011,94,18189.343838287765,800858
"[(643.0, 404.0), (116.0, 69.0), (278.0, 434.0), (273.0, 105.0), (494.0, 898.0), (189.0, 739.0), (493.0, 970.0), (213.0, 639.0), (444.0, 428.0), (602.0, 68.0), (436.0, 619.0), (929.0, 389.0), (98.0, 711.0), (3.0, 517.0), (951.0, 209.0), (276.0, 666.0), (528.0, 794.0), (508.0, 31.0), (2.0, 897.0), (328.0, 489.0), (330.0, 410.0), (220.0, 307.0), (101.0, 482.0), (371.0, 429.0), (708.0, 99.0), (774.0, 130.0), (45.0, 549.0), (345.0, 560.0), (897.0, 324.0), (730.0, 742.0), (761.0, 772.0), (837.0, 787.0), (704.0, 995.0), (921.0, 964.0), (898.0, 898.0), (964.0, 726.0), (938.0, 646.0), (901.0, 639.0), (796.0, 310.0), (862.0, 361.0), (875.0, 407.0), (908.0, 534.0), (758.0, 405.0), (724.0, 631.0), (437.0, 601.0), (628.0, 311.0), (549.0, 329.0), (501.0, 287.0), (684.0, 273.0), (573.0, 903.0)]",10011,95,18286.116896217485,800855
"[(494.0, 898.0), (862.0, 361.0), (278.0, 434.0), (964.0, 726.0), (730.0, 742.0), (220.0, 307.0), (602.0, 68.0), (761.0, 772.0), (908.0, 534.0), (758.0, 405.0), (897.0, 324.0), (929.0, 389.0), (837.0, 787.0), (938.0, 646.0), (901.0, 639.0), (708.0, 99.0), (898.0, 898.0), (371.0, 429.0), (875.0, 407.0), (774.0, 130.0), (951.0, 209.0), (573.0, 903.0), (330.0, 410.0), (921.0, 964.0), (704.0, 995.0), (273.0, 105.0), (116.0, 69.0), (437.0, 601.0), (444.0, 428.0), (508.0, 31.0), (328.0, 489.0), (3.0, 517.0), (45.0, 549.0), (101.0, 482.0), (2.0, 897.0), (98.0, 711.0), (213.0, 639.0), (189.0, 739.0), (345.0, 560.0), (276.0, 666.0), (436.0, 619.0), (724.0, 631.0), (528.0, 794.0), (643.0, 404.0), (628.0, 311.0), (684.0, 273.0), (796.0, 310.0), (549.0, 329.0), (501.0, 287.0), (493.0, 970.0)]",10011,96,18657.710665971674,800837
"[(528.0, 794.0), (708.0, 99.0), (116.0, 69.0), (628.0, 311.0), (436.0, 619.0), (273.0, 105.0), (189.0, 739.0), (684.0, 273.0), (220.0, 307.0), (951.0, 209.0), (328.0, 489.0), (276.0, 666.0), (774.0, 130.0), (2.0, 897.0), (508.0, 31.0), (213.0, 639.0), (3.0, 517.0), (573.0, 903.0), (730.0, 742.0), (761.0, 772.0), (837.0, 787.0), (704.0, 995.0), (921.0, 964.0), (898.0, 898.0), (964.0, 726.0), (938.0, 646.0), (901.0, 639.0), (908.0, 534.0), (929.0, 389.0), (875.0, 407.0), (796.0, 310.0), (437.0, 601.0), (643.0, 404.0), (501.0, 287.0), (549.0, 329.0), (758.0, 405.0), (345.0, 560.0), (98.0, 711.0), (493.0, 970.0), (862.0, 361.0), (602.0, 68.0), (444.0, 428.0), (897.0, 324.0), (724.0, 631.0), (101.0, 482.0), (494.0, 898.0), (278.0, 434.0), (45.0, 549.0), (330.0, 410.0), (371.0, 429.0)]",10011,97,19743.77426305062,800835
"[(444.0, 428.0), (101.0, 482.0), (901.0, 639.0), (774.0, 130.0), (875.0, 407.0), (501.0, 287.0), (938.0, 646.0), (2.0, 897.0), (98.0, 711.0), (213.0, 639.0), (189.0, 739.0), (436.0, 619.0), (345.0, 560.0), (276.0, 666.0), (528.0, 794.0), (437.0, 601.0), (494.0, 898.0), (493.0, 970.0), (573.0, 903.0), (730.0, 742.0), (761.0, 772.0), (837.0, 787.0), (704.0, 995.0), (921.0, 964.0), (898.0, 898.0), (964.0, 726.0), (628.0, 311.0), (330.0, 410.0), (951.0, 209.0), (328.0, 489.0), (508.0, 31.0), (796.0, 310.0), (371.0, 429.0), (908.0, 534.0), (708.0, 99.0), (643.0, 404.0), (220.0, 307.0), (758.0, 405.0), (116.0, 69.0), (684.0, 273.0), (278.0, 434.0), (862.0, 361.0), (45.0, 549.0), (929.0, 389.0), (897.0, 324.0), (602.0, 68.0), (3.0, 517.0), (549.0, 329.0), (273.0, 105.0), (724.0, 631.0)]",10011,98,20022.27263770195,800861
"[(730.0, 742.0), (628.0, 311.0), (761.0, 772.0), (796.0, 310.0), (921.0, 964.0), (273.0, 105.0), (901.0, 639.0), (444.0, 428.0), (371.0, 429.0), (278.0, 434.0), (328.0, 489.0), (3.0, 517.0), (45.0, 549.0), (101.0, 482.0), (2.0, 897.0), (98.0, 711.0), (213.0, 639.0), (189.0, 739.0), (276.0, 666.0), (436.0, 619.0), (345.0, 560.0), (528.0, 794.0), (437.0, 601.0), (494.0, 898.0), (493.0, 970.0), (573.0, 903.0), (330.0, 410.0), (964.0, 726.0), (908.0, 534.0), (116.0, 69.0), (837.0, 787.0), (774.0, 130.0), (897.0, 324.0), (898.0, 898.0), (862.0, 361.0), (704.0, 995.0), (708.0, 99.0), (938.0, 646.0), (602.0, 68.0), (501.0, 287.0), (758.0, 405.0), (724.0, 631.0), (951.0, 209.0), (220.0, 307.0), (929.0, 389.0), (549.0, 329.0), (643.0, 404.0), (508.0, 31.0), (875.0, 407.0), (684.0, 273.0)]",10011,99,20591.492722677656,800882
"[(929.0, 389.0), (528.0, 794.0), (897.0, 324.0), (602.0, 68.0), (898.0, 898.0), (189.0, 739.0), (908.0, 534.0), (436.0, 619.0), (758.0, 405.0), (964.0, 726.0), (494.0, 898.0), (921.0, 964.0), (444.0, 428.0), (273.0, 105.0), (508.0, 31.0), (708.0, 99.0), (938.0, 646.0), (730.0, 742.0), (493.0, 970.0), (901.0, 639.0), (437.0, 601.0), (837.0, 787.0), (116.0, 69.0), (704.0, 995.0), (951.0, 209.0), (573.0, 903.0), (276.0, 666.0), (862.0, 361.0), (345.0, 560.0), (501.0, 287.0), (549.0, 329.0), (684.0, 273.0), (875.0, 407.0), (796.0, 310.0), (724.0, 631.0), (643.0, 404.0), (628.0, 311.0), (330.0, 410.0), (220.0, 307.0), (371.0, 429.0), (278.0, 434.0), (328.0, 489.0), (3.0, 517.0), (45.0, 549.0), (101.0, 482.0), (2.0, 897.0), (98.0, 711.0), (213.0, 639.0), (774.0, 130.0), (761.0, 772.0)]",10011,100,21371.873083353064,800840
